Date,Open,High,Low,Close,Adj Close,Volume
19/09/2014,92.699997,99.699997,89.949997,93.889999,93.889999,271879400
22/09/2014,92.699997,92.949997,89.5,89.889999,89.889999,66657800
23/09/2014,88.940002,90.480003,86.620003,87.169998,87.169998,39009800
24/09/2014,88.470001,90.57,87.220001,90.57,90.57,32088000
25/09/2014,91.089996,91.5,88.5,88.919998,88.919998,28598000
26/09/2014,89.730003,90.459999,88.660004,90.459999,90.459999,18340000
29/09/2014,89.620003,89.699997,88.019997,88.75,88.75,25302000
30/09/2014,89,90.879997,88.459999,88.849998,88.849998,24419400
01/10/2014,88.699997,88.940002,86.040001,86.099998,86.099998,24029600
02/10/2014,86.269997,88.199997,85.611,87.059998,87.059998,21469700
03/10/2014,88.099998,89.940002,87.650002,88.099998,88.099998,18485700
06/10/2014,89.150002,89.650002,88.059998,88.309998,88.309998,9268400
07/10/2014,87.949997,89.699997,87.059998,87.669998,87.669998,12791700
08/10/2014,88,88.5,87.059998,88.300003,88.300003,10252600
09/10/2014,88.510002,90.349998,88,88.790001,88.790001,21507000
10/10/2014,88.25,88.739998,85.239998,85.879997,85.879997,15431400
13/10/2014,86.849998,86.889999,84.919998,85.120003,85.120003,14845000
14/10/2014,85.809998,85.879997,83.220001,84.949997,84.949997,15559200
15/10/2014,84.040001,86.489998,82.809998,85.599998,85.599998,16824300
16/10/2014,84.980003,89.175003,84.014999,88.849998,88.849998,15232000
17/10/2014,90.400002,90.900002,87.669998,87.910004,87.910004,17360700
20/10/2014,88,89.5,87.860001,88.260002,88.260002,9891400
21/10/2014,89.099998,92.5,88.5,90.900002,90.900002,23243800
22/10/2014,92.25,93.5,91.010002,91.629997,91.629997,20364500
23/10/2014,92.919998,94.699997,92.82,94.449997,94.449997,20641000
24/10/2014,95.07,98,94.779999,95.760002,95.760002,32132600
27/10/2014,97,98.849998,96.300003,97.790001,97.790001,28302400
28/10/2014,99.839996,100.669998,98.610001,99.68,99.68,32127600
29/10/2014,99.879997,100,96.82,98.309998,98.309998,28655400
30/10/2014,98.480003,99.440002,97.300003,98.730003,98.730003,15484600
31/10/2014,100.099998,100.220001,98.136002,98.599998,98.599998,18128300
03/11/2014,99.669998,102.800003,99.050003,101.800003,101.800003,40883700
04/11/2014,100.425003,106.359001,99.510002,106.07,106.07,67814000
05/11/2014,108.480003,110.139999,106.480003,108.669998,108.669998,48344000
06/11/2014,109.300003,111.699997,107.209999,111.57,111.57,33609000
07/11/2014,112.93,114.769997,111.75,114.559998,114.559998,51457000
10/11/2014,117.269997,119.449997,115.199997,119.150002,119.150002,75971000
11/11/2014,117.25,117.550003,113.690002,114.540001,114.540001,70983600
12/11/2014,115.050003,119.07,114.019997,118.199997,118.199997,53908000
13/11/2014,119.300003,120,114.550003,114.839996,114.839996,62163000
14/11/2014,115.059998,115.389999,113.349998,115.099998,115.099998,29849000
17/11/2014,115.440002,115.629997,113.129997,114.25,114.25,22573000
18/11/2014,114.330002,114.379997,110.410004,110.809998,110.809998,41098000
19/11/2014,109.830002,110.68,107.220001,108.82,108.82,46841000
20/11/2014,107.809998,112.440002,107.260002,109.82,109.82,36489000
21/11/2014,113.209999,113.5,110.434998,110.730003,110.730003,27432000
24/11/2014,112,113.93,111.550003,113.919998,113.919998,20646000
25/11/2014,114.940002,115.169998,112.330002,113.470001,113.470001,23485000
26/11/2014,113.330002,113.739998,112.330002,112.669998,112.669998,11794700
28/11/2014,113.139999,113.230003,111.110001,111.639999,111.639999,8077800
01/12/2014,110.019997,110.050003,103.896004,105.989998,105.989998,38464200
02/12/2014,107.349998,110,106.610001,109.889999,109.889999,18785000
03/12/2014,110.400002,111.68,108.797997,110.639999,110.639999,16221100
04/12/2014,110.099998,110.5,108.910004,109.169998,109.169998,10779300
05/12/2014,109.599998,110.349998,107.760002,107.900002,107.900002,12148100
08/12/2014,105.970001,107.400002,104.209999,105.07,105.07,19217300
09/12/2014,102.269997,107.949997,101.199997,107.480003,107.480003,24866800
10/12/2014,107.089996,107.379997,103.510002,103.879997,103.879997,18466700
11/12/2014,104.440002,106.839996,104.290001,104.970001,104.970001,15684300
12/12/2014,104.699997,107.449997,104.179001,105.110001,105.110001,14537600
15/12/2014,106.389999,107.769997,103.699997,104.699997,104.699997,16521800
16/12/2014,103.75,107.68,103.699997,105.769997,105.769997,21700600
17/12/2014,107.110001,109.190002,106.279999,109.019997,109.019997,17311100
18/12/2014,110.580002,111.199997,108.260002,109.25,109.25,22788100
19/12/2014,109.93,110.650002,108.040001,110.650002,110.650002,14857800
22/12/2014,110.629997,110.980003,108.529999,108.769997,108.769997,13041200
23/12/2014,108.300003,108.470001,103.879997,105.519997,105.519997,19096300
24/12/2014,105.68,107.209999,105.599998,105.949997,105.949997,5870400
26/12/2014,105.989998,106.940002,105.5,105.949997,105.949997,6529100
29/12/2014,105.949997,107.660004,105.639999,105.980003,105.980003,8068600
30/12/2014,105.639999,106.709999,105.129997,105.75,105.75,10205700
31/12/2014,106.459999,106.470001,103.690002,103.940002,103.940002,10221600
02/01/2015,104.239998,104.720001,102.519997,103.599998,103.599998,12303400
05/01/2015,102.760002,103.019997,99.900002,101,101,18337000
06/01/2015,101.25,103.849998,100.110001,103.32,103.32,15720400
07/01/2015,104.589996,104.739998,102.029999,102.129997,102.129997,11052200
08/01/2015,102.949997,105.339996,102.68,105.029999,105.029999,12942100
09/01/2015,105.239998,105.300003,102.889999,103.019997,103.019997,10222200
12/01/2015,103.199997,103.360001,101.209999,101.620003,101.620003,7997200
13/01/2015,102.589996,102.849998,100.010002,100.769997,100.769997,11294400
14/01/2015,99.279999,100.18,98.059998,99.580002,99.580002,17808000
15/01/2015,99.669998,100.139999,96.019997,96.309998,96.309998,18260100
16/01/2015,96.089996,97.800003,95.519997,96.889999,96.889999,13327900
20/01/2015,98.300003,100.209999,97.589996,100.040001,100.040001,12105600
21/01/2015,100.75,103.860001,100.32,103.290001,103.290001,15186900
22/01/2015,104.599998,104.919998,103.099998,104,104,11433000
23/01/2015,104.019997,105.199997,103.019997,103.110001,103.110001,9873800
26/01/2015,104.400002,105.129997,103.330002,103.989998,103.989998,10664900
27/01/2015,102.889999,103.57,100.580002,102.940002,102.940002,15659900
28/01/2015,100.300003,101.489998,97.790001,98.449997,98.449997,42144700
29/01/2015,90.529999,90.739998,87.360001,89.809998,89.809998,76561400
30/01/2015,89.599998,92,88.110001,89.080002,89.080002,36806900
02/02/2015,91.129997,91.660004,88.610001,90.129997,90.129997,18865300
03/02/2015,91.650002,91.650002,89.900002,90.610001,90.610001,13512300
04/02/2015,90.989998,91.879997,89.480003,90,90,14643600
05/02/2015,89.580002,89.839996,86.099998,87,87,28926200
06/02/2015,87.110001,87.400002,85.419998,85.68,85.68,17632100
09/02/2015,85.830002,86.75,85.470001,86,86,12109500
10/02/2015,87.010002,87.470001,86.519997,87.260002,87.260002,12043300
11/02/2015,87.580002,87.699997,85.82,86,86,12391900
12/02/2015,85.599998,88.300003,85.550003,87.099998,87.099998,15177800
13/02/2015,88.199997,89.300003,87.650002,89.050003,89.050003,14665200
17/02/2015,88.779999,88.989998,86.699997,86.849998,86.849998,15191700
18/02/2015,87.099998,87.43,86.5,86.739998,86.739998,7422300
19/02/2015,86.809998,87.870003,86.709999,86.889999,86.889999,7604100
20/02/2015,87.25,87.290001,86.379997,86.639999,86.639999,7821700
23/02/2015,86.510002,86.68,85.25,85.470001,85.470001,9367900
24/02/2015,85.529999,85.529999,83.879997,84.690002,84.690002,15846400
25/02/2015,84.379997,86.830002,84.360001,86.190002,86.190002,13645700
26/02/2015,86.919998,87.160004,85.199997,85.370003,85.370003,8763300
27/02/2015,85.949997,86.559998,85,85.120003,85.120003,8377200
02/03/2015,85,85.019997,83.75,84,84,11213400
03/03/2015,82.949997,83.25,80.029999,81.580002,81.580002,39246100
04/03/2015,80.269997,85.825996,80.169998,85.489998,85.489998,36607200
05/03/2015,85.75,86.269997,84.010002,86.099998,86.099998,18514800
06/03/2015,85.739998,86,84.050003,84.400002,84.400002,10673700
09/03/2015,84.349998,84.349998,81.480003,82.529999,82.529999,17616500
10/03/2015,81.089996,83.150002,80.650002,82.970001,82.970001,13817000
11/03/2015,83,83.379997,81.190002,81.989998,81.989998,12768700
12/03/2015,82.099998,82.900002,81.529999,81.919998,81.919998,11232000
13/03/2015,81.800003,81.919998,80.769997,81.860001,81.860001,12663300
16/03/2015,82.010002,85.199997,81.940002,84,84,16905700
17/03/2015,84.010002,85.099998,83.510002,84.5,84.5,17639000
18/03/2015,83.870003,85.949997,83.300003,84.589996,84.589996,35663000
19/03/2015,85.110001,87.040001,85,85.739998,85.739998,30454700
20/03/2015,86.330002,86.800003,85.089996,85.199997,85.199997,21181500
23/03/2015,85.25,85.529999,84.209999,84.25,84.25,11184000
24/03/2015,84.349998,84.5,82.389999,83.629997,83.629997,14545100
25/03/2015,83.940002,84.480003,82.669998,83.75,83.75,13507200
26/03/2015,83.199997,84.995003,82.959999,84.169998,84.169998,12208000
27/03/2015,84.779999,85.150002,83.339996,84.580002,84.580002,9703800
30/03/2015,85.029999,85.150002,83.75,83.900002,83.900002,10020500
31/03/2015,83.639999,84.449997,83.199997,83.239998,83.239998,11812900
01/04/2015,83.370003,83.720001,82.18,82.360001,82.360001,14896400
02/04/2015,82.879997,83,81.25,82.279999,82.279999,19868200
06/04/2015,82.050003,82.589996,81.613998,81.82,81.82,12810500
07/04/2015,81.940002,82.949997,81.879997,82.209999,82.209999,9443000
08/04/2015,83.300003,85.540001,83.066002,85.389999,85.389999,26161500
09/04/2015,87.029999,87.690002,85.199997,86.139999,86.139999,27800400
10/04/2015,86.68,86.690002,84.150002,84.580002,84.580002,18300300
13/04/2015,85.160004,85.709999,83.82,84.279999,84.279999,15797100
14/04/2015,84.629997,85.129997,83.529999,85,85,11819000
15/04/2015,85.080002,85.360001,84.160004,84.669998,84.669998,12225800
16/04/2015,85.150002,85.400002,83.889999,84.059998,84.059998,12048600
17/04/2015,83.080002,83.25,81.610001,81.900002,81.900002,22791800
20/04/2015,82.25,82.690002,81.519997,82.199997,82.199997,13471000
21/04/2015,82.860001,82.919998,82.139999,82.419998,82.419998,10056000
22/04/2015,82.779999,82.839996,81.519997,82.050003,82.050003,13316900
23/04/2015,81.879997,82.75,81.620003,82.279999,82.279999,11483300
24/04/2015,82.879997,84.989998,82.800003,84.57,84.57,21058400
27/04/2015,85.529999,86.269997,84.650002,84.900002,84.900002,17434200
28/04/2015,85.540001,85.57,83.82,85.080002,85.080002,11110500
29/04/2015,84.059998,84.400002,81.639999,82.449997,82.449997,21098000
30/04/2015,82.220001,82.650002,80.440002,81.290001,81.290001,14209700
01/05/2015,81.029999,82.25,80.110001,81.169998,81.169998,17910500
04/05/2015,81.169998,81.559998,80.120003,80.589996,80.589996,21551500
05/05/2015,80.440002,80.900002,77.769997,79.540001,79.540001,32661900
06/05/2015,79.650002,80.849998,79.510002,80,80,24953500
07/05/2015,88.830002,89.290001,84.910004,86,86,69448800
08/05/2015,87.82,88.269997,86.889999,87.059998,87.059998,30140600
11/05/2015,86.699997,87.669998,86.059998,86.720001,86.720001,19776900
12/05/2015,87.050003,87.5,86.139999,86.769997,86.769997,16077800
13/05/2015,87.080002,88.470001,87,87.529999,87.529999,19015900
14/05/2015,87.739998,88.480003,87.529999,88.400002,88.400002,12087900
15/05/2015,88.510002,88.959999,88.050003,88.459999,88.459999,13424600
18/05/2015,87.610001,87.93,86.610001,87.110001,87.110001,13490200
19/05/2015,86.989998,88.800003,86.470001,88.209999,88.209999,20727700
20/05/2015,88.139999,90.800003,87.300003,90.699997,90.699997,29812300
21/05/2015,91.349998,94.769997,90.919998,93.879997,93.879997,40729400
22/05/2015,94.279999,95.059998,93.190002,93.269997,93.269997,22183300
26/05/2015,93.650002,93.919998,91.550003,92.519997,92.519997,15674900
27/05/2015,92.220001,92.989998,91.599998,92.599998,92.599998,9519300
28/05/2015,91.690002,91.93,90.580002,90.949997,90.949997,14213000
29/05/2015,91.349998,91.5,89.32,89.32,89.32,13893200
01/06/2015,90.089996,90.989998,89.489998,90.779999,90.779999,9905900
02/06/2015,90.550003,91.540001,90.190002,90.510002,90.510002,9865300
03/06/2015,90.510002,91.040001,89.900002,90.790001,90.790001,9428000
04/06/2015,90.709999,91.410004,90.269997,90.589996,90.589996,8689000
05/06/2015,90.459999,91.599998,90.459999,90.709999,90.709999,11353900
08/06/2015,90.650002,91.599998,88.242996,88.290001,88.290001,15603000
09/06/2015,88.040001,88.18,86.120003,87.580002,87.580002,16081800
10/06/2015,87.699997,88.989998,87.199997,88.900002,88.900002,12551300
11/06/2015,89.029999,89.480003,87.099998,87.209999,87.209999,13716200
12/06/2015,87.419998,87.790001,86.480003,86.629997,86.629997,9977100
15/06/2015,86.300003,87.169998,86.050003,86.120003,86.120003,10230400
16/06/2015,86.002998,86.699997,85.610001,86.089996,86.089996,10974200
17/06/2015,86.580002,87.800003,86.480003,86.800003,86.800003,10241500
18/06/2015,86.970001,87.589996,86.32,86.75,86.75,11737200
19/06/2015,86.510002,86.599998,85.169998,85.739998,85.739998,10317000
22/06/2015,86.07,86.400002,85.580002,85.68,85.68,7154200
23/06/2015,85.980003,86.339996,84.830002,85.080002,85.080002,11411300
24/06/2015,85.163002,85.809998,84.849998,85.169998,85.169998,9434300
25/06/2015,85.470001,85.599998,84.900002,85.239998,85.239998,8949800
26/06/2015,84.629997,84.650002,82.82,83.279999,83.279999,12668600
29/06/2015,83.279999,83.279999,80.800003,81.07,81.07,15199800
30/06/2015,82.580002,83.690002,81.959999,82.269997,82.269997,12551400
01/07/2015,82.599998,83,81.989998,82.459999,82.459999,5950000
02/07/2015,82.120003,82.32,81.779999,82.07,82.07,6760200
06/07/2015,80.559998,81.5,80.120003,80.230003,80.230003,11864200
07/07/2015,79.449997,79.790001,76.209999,79.620003,79.620003,34221700
08/07/2015,76.580002,78.790001,76.220001,77.940002,77.940002,22714900
09/07/2015,80.93,81.190002,79.040001,79.040001,79.040001,19778700
10/07/2015,81.129997,81.199997,79.839996,80.300003,80.300003,11224500
13/07/2015,80.919998,82.199997,80.699997,81.860001,81.860001,10350500
14/07/2015,81.580002,82.019997,81.129997,81.5,81.5,7519300
15/07/2015,80.900002,81.5,80.209999,80.730003,80.730003,9514200
16/07/2015,81.389999,82,80.900002,81.529999,81.529999,8604500
17/07/2015,81.989998,83.699997,81.580002,83.360001,83.360001,14505400
20/07/2015,83.559998,83.68,82.050003,82.669998,82.669998,8126100
21/07/2015,83.110001,83.25,82.220001,82.540001,82.540001,5750700
22/07/2015,82.160004,84.75,82,84.150002,84.150002,11209200
23/07/2015,84.660004,84.970001,83.25,83.879997,83.879997,7452300
24/07/2015,85.169998,85.379997,82.650002,83.019997,83.019997,8759900
27/07/2015,80.849998,81.699997,79.68,81.400002,81.400002,12185700
28/07/2015,80.669998,80.800003,79.25,80.559998,80.559998,12122800
29/07/2015,80.980003,81.369003,80.010002,80.260002,80.260002,7177100
30/07/2015,80.110001,80.639999,79.449997,79.959999,79.959999,6934700
31/07/2015,79.849998,79.904999,78.199997,78.339996,78.339996,12687000
03/08/2015,78.199997,78.5,77.110001,77.989998,77.989998,9277000
04/08/2015,78.07,79.353996,77.800003,78.870003,78.870003,8501200
05/08/2015,79.589996,80.419998,79.480003,79.82,79.82,7502600
06/08/2015,79.849998,80.75,78.639999,78.959999,78.959999,9297800
07/08/2015,79.650002,80.199997,78.660004,78.82,78.82,8738800
10/08/2015,79.860001,80.989998,79.5,80.470001,80.470001,11276700
11/08/2015,79.481003,80,76.150002,77.339996,77.339996,22976600
12/08/2015,72.32,73.849998,71.029999,73.379997,73.379997,41093200
13/08/2015,74,76.730003,73.660004,75.110001,75.110001,23230700
14/08/2015,74.529999,75.489998,74.459999,74.760002,74.760002,12367300
17/08/2015,74.849998,75.239998,74.160004,75.190002,75.190002,12677400
18/08/2015,74.050003,75.129997,73.730003,73.879997,73.879997,11155100
19/08/2015,73.150002,73.559998,72.809998,73.120003,73.120003,18179400
20/08/2015,71.980003,72.779999,70.029999,70.32,70.32,20995600
21/08/2015,69.32,70.660004,68.18,68.18,68.18,29128600
24/08/2015,58.16,65.800003,58,65.800003,65.800003,31376400
25/08/2015,68.839996,70.330002,67.489998,68.57,68.57,29948400
26/08/2015,68.949997,69.449997,65.75,68.660004,68.660004,26389200
27/08/2015,70.839996,71.589996,70.019997,70.839996,70.839996,18123800
28/08/2015,69.68,70.5,69.044998,70.07,70.07,10604600
31/08/2015,69.18,69.300003,66.019997,66.120003,66.120003,18479900
01/09/2015,64.379997,66.839996,64.050003,64.830002,64.830002,23460900
02/09/2015,65.690002,66,64.971001,65.540001,65.540001,13376300
03/09/2015,65.820999,66.889999,65.410004,66.470001,66.470001,15803200
04/09/2015,65.404999,65.57,63.34,63.91,63.91,18186400
08/09/2015,65.779999,66.809998,60.25,60.91,60.91,50328400
09/09/2015,62.73,64.669998,62.529999,64.040001,64.040001,33147900
10/09/2015,63.52,64.25,63.34,63.830002,63.830002,13281600
11/09/2015,63.369999,64.790001,62.700001,64.629997,64.629997,17747000
14/09/2015,62.549999,63.259998,61.48,62.599998,62.599998,26763300
15/09/2015,61.450001,65.360001,61.110001,64.849998,64.849998,29035000
16/09/2015,65.610001,68.080002,65.260002,67.230003,67.230003,25801000
17/09/2015,66.410004,66.650002,65.599998,66,66,16594600
18/09/2015,65.400002,65.75,64.010002,65.75,65.75,20127300
21/09/2015,65.379997,66.400002,62.959999,63.900002,63.900002,22355100
22/09/2015,62.939999,63.27,61.580002,61.900002,61.900002,14897900
23/09/2015,61.959999,62.299999,59.68,60,60,22684600
24/09/2015,59.419998,60.34,58.209999,59.919998,59.919998,20645700
25/09/2015,60.630001,60.84,58.919998,59.240002,59.240002,17009100
28/09/2015,58.810001,60.119999,57.314999,57.389999,57.389999,20661600
29/09/2015,57.299999,58.650002,57.200001,57.82,57.82,16771000
30/09/2015,58.869999,60.080002,58.349998,58.970001,58.970001,16767100
01/10/2015,59.5,59.830002,58.23,58.869999,58.869999,8147700
02/10/2015,58.360001,63.240002,58.200001,63.200001,63.200001,22356300
05/10/2015,63.470001,64.775002,62.200001,63.93,63.93,13583500
06/10/2015,63.720001,64.730003,63.279999,63.919998,63.919998,9620900
07/10/2015,64.839996,66.660004,64.379997,66.279999,66.279999,15770100
08/10/2015,66.040001,68.410004,65.959999,67.699997,67.699997,18667500
09/10/2015,67.699997,69.449997,67.309998,68.709999,68.709999,14762900
12/10/2015,69.639999,70.470001,69,70.300003,70.300003,15549100
13/10/2015,69.489998,70.32,68.379997,69.68,69.68,13052800
14/10/2015,69.5,69.699997,67.425003,68.540001,68.540001,12286100
15/10/2015,69.339996,72.440002,69.260002,71.779999,71.779999,18203000
16/10/2015,72.5,73.639999,71.209999,71.989998,71.989998,15953500
19/10/2015,71.800003,73,71.522003,72.650002,72.650002,10886900
20/10/2015,72.989998,73,71.550003,71.790001,71.790001,11093400
21/10/2015,71.790001,71.790001,68.889999,69.480003,69.480003,16800200
22/10/2015,70.160004,71.629997,70.07,70.989998,70.989998,10811400
23/10/2015,73.980003,75.760002,72.839996,75.620003,75.620003,22510800
26/10/2015,75.440002,77.419998,75.129997,76.349998,76.349998,24819700
27/10/2015,76.349998,82.790001,76.349998,79.440002,79.440002,50815800
28/10/2015,79.480003,82.544998,79.199997,82.349998,82.349998,25027100
29/10/2015,81.970001,82.529999,80.82,82.220001,82.220001,16431700
30/10/2015,82.699997,84.440002,82.599998,83.830002,83.830002,20740500
02/11/2015,83.519997,84.830002,82.75,84.349998,84.349998,13827400
03/11/2015,84,84.589996,83.129997,83.440002,83.440002,11641300
04/11/2015,84.449997,85.599998,84.029999,85.400002,85.400002,23728500
05/11/2015,85.220001,86.419998,84.199997,85.379997,85.379997,20657200
06/11/2015,85.529999,86.349998,80.769997,83.610001,83.610001,38531000
09/11/2015,83.440002,83.470001,80.220001,81.379997,81.379997,19091500
10/11/2015,81.099998,82.43,79.620003,81.43,81.43,22004400
11/11/2015,82.279999,82.489998,78.120003,79.849998,79.849998,29636600
12/11/2015,78.989998,80.5,78.449997,78.760002,78.760002,18839800
13/11/2015,77.150002,78,75.639999,75.849998,75.849998,24235500
16/11/2015,75.830002,78.75,75.769997,78.300003,78.300003,17045500
17/11/2015,78.900002,79.139999,77.470001,78.129997,78.129997,12471400
18/11/2015,78.25,78.309998,76.150002,77.690002,77.690002,16735400
19/11/2015,78.059998,79.150002,77.403,77.870003,77.870003,15692700
20/11/2015,78.440002,80.785004,78.400002,79.949997,79.949997,21025800
23/11/2015,80.449997,82.190002,79.970001,81.309998,81.309998,18766400
24/11/2015,80.849998,81.110001,79.269997,80.860001,80.860001,15283600
25/11/2015,80.910004,82.675003,80.82,81.709999,81.709999,16330900
27/11/2015,80.57,81.410004,79.275002,81.379997,81.379997,12599900
30/11/2015,81.5,84.470001,81.379997,84.080002,84.080002,97914100
01/12/2015,83.769997,84.389999,83.5,84,84,26235500
02/12/2015,84.269997,85.82,84.25,85,85,36611500
03/12/2015,85.050003,85.099998,82.099998,82.589996,82.589996,23029200
04/12/2015,82.580002,85,82.419998,84.849998,84.849998,15555000
07/12/2015,84.800003,85.129997,84.199997,84.760002,84.760002,11875500
08/12/2015,82.769997,84.669998,82.610001,84.379997,84.379997,14667400
09/12/2015,84.370003,85.199997,82.970001,83.419998,83.419998,21919200
10/12/2015,83.339996,84.339996,82.849998,84.330002,84.330002,10474700
11/12/2015,82.849998,83.050003,79.421997,79.739998,79.739998,20793600
14/12/2015,80.150002,80.760002,78.989998,80.57,80.57,12077700
15/12/2015,81.059998,83.389999,80.900002,82.489998,82.489998,13054800
16/12/2015,83.300003,85.050003,82.995003,84.629997,84.629997,16575600
17/12/2015,85,85.32,82.849998,83.559998,83.559998,13003000
18/12/2015,83.199997,83.75,82.029999,82.650002,82.650002,12168700
21/12/2015,83.150002,83.730003,82.43,82.870003,82.870003,8094600
22/12/2015,82.889999,85.099998,82.889999,84.839996,84.839996,12778200
23/12/2015,85.050003,85.089996,83.720001,84.800003,84.800003,11238500
24/12/2015,84.559998,84.800003,83.410004,83.709999,83.709999,3775300
28/12/2015,82.559998,82.75,81.519997,82.139999,82.139999,9319400
29/12/2015,82.5,83.510002,82.410004,83.260002,83.260002,6942700
30/12/2015,82.949997,83.110001,81.5,81.68,81.68,6984300
31/12/2015,81.480003,82.169998,81.25,81.269997,81.269997,6744500
04/01/2016,78.18,78.309998,75.18,76.690002,76.690002,23066300
05/01/2016,77.919998,78.68,77.260002,78.629997,78.629997,14258900
06/01/2016,77.120003,78.485001,76.970001,77.330002,77.330002,11569300
07/01/2016,73.290001,75.5,71.540001,72.720001,72.720001,27288100
08/01/2016,74.330002,74.660004,70.669998,70.800003,70.800003,20814600
11/01/2016,71.290001,71.730003,69.019997,69.919998,69.919998,16961400
12/01/2016,71.449997,72.769997,71,72.68,72.68,13456000
13/01/2016,72.769997,73.238998,70.220001,70.290001,70.290001,12480200
14/01/2016,70.290001,72.720001,68.269997,72.25,72.25,17719600
15/01/2016,68.699997,71,67.541,69.589996,69.589996,20722500
19/01/2016,71.940002,72.309998,69.809998,70.129997,70.129997,17421700
20/01/2016,68.025002,69.112,65.339996,68.709999,68.709999,19464400
21/01/2016,68.779999,71.650002,67.143997,70.720001,70.720001,16576500
22/01/2016,72.510002,73.339996,69.889999,70.370003,70.370003,15834700
25/01/2016,70.800003,70.800003,69.019997,69.720001,69.720001,14782800
26/01/2016,69.010002,70.190002,68.879997,69.769997,69.769997,11473300
27/01/2016,69.959999,71.419998,68.745003,69.540001,69.540001,18257600
28/01/2016,72.550003,73.150002,66.669998,66.919998,66.919998,33165100
29/01/2016,67.980003,68.93,65.400002,67.029999,67.029999,25594700
01/02/2016,66.5,67.699997,65.349998,67.029999,67.029999,16213800
02/02/2016,67.050003,67.739998,64.660004,65.089996,65.089996,19150800
03/02/2016,65.599998,65.730003,60.869999,63.439999,63.439999,31918600
04/02/2016,64.330002,65.720001,63.099998,64.860001,64.860001,22911500
05/02/2016,64.709999,64.860001,62.18,62.639999,62.639999,12842800
08/02/2016,60.900002,62.049999,60.450001,61.099998,61.099998,16157900
09/02/2016,60.110001,62.220001,59.25,61.389999,61.389999,12738300
10/02/2016,61.900002,63.09,60.869999,61.779999,61.779999,8998600
11/02/2016,60.25,61.630001,59.849998,60.57,60.57,15008500
12/02/2016,61.27,62.779999,60.279999,60.889999,60.889999,13669600
16/02/2016,64.419998,66.889999,64.040001,66.290001,66.290001,21735400
17/02/2016,67.300003,67.389999,65.68,66.379997,66.379997,14457100
18/02/2016,67,68.5,66.230003,66.519997,66.519997,14547800
19/02/2016,66.800003,67.75,66.089996,67.279999,67.279999,12334900
22/02/2016,68.300003,69.529999,67.980003,68.839996,68.839996,13405400
23/02/2016,68.5,68.660004,66.464996,66.970001,66.970001,12930600
24/02/2016,66.169998,67.690002,65.209999,67.230003,67.230003,10781500
25/02/2016,65.669998,66.720001,64.660004,66.660004,66.660004,14686100
26/02/2016,68.089996,68.830002,66.860001,66.910004,66.910004,12084100
29/02/2016,67.639999,70.580002,67.559998,68.809998,68.809998,17984200
01/03/2016,70.019997,71.839996,69.860001,70.860001,70.860001,14007700
02/03/2016,72.040001,72.040001,70.75,71.25,71.25,10503000
03/03/2016,71.309998,72.589996,70.459999,71.019997,71.019997,11596400
04/03/2016,70.959999,72.959999,70.720001,72.220001,72.220001,10763600
07/03/2016,72.199997,73.980003,72,72.889999,72.889999,11244500
08/03/2016,72.400002,72.650002,70.959999,71.07,71.07,8670700
09/03/2016,71.589996,72.610001,70.68,72.43,72.43,7283400
10/03/2016,72.5,73.050003,70.605003,71.970001,71.970001,11247900
11/03/2016,72.580002,74.010002,72.220001,74.010002,74.010002,11219200
14/03/2016,74.010002,74.419998,72.889999,73.349998,73.349998,11069800
15/03/2016,72.620003,72.839996,71.75,72.230003,72.230003,8373700
16/03/2016,72.010002,73.660004,71.860001,73.5,73.5,7701200
17/03/2016,73.760002,74.370003,73.510002,74.25,74.25,9423900
18/03/2016,74.970001,76.300003,74.709999,76.25,76.25,13350100
21/03/2016,77.089996,79.68,76.940002,78.110001,78.110001,15493300
22/03/2016,77,78.550003,76.907997,78.18,78.18,9148400
23/03/2016,78.160004,78.980003,76.150002,76.559998,76.559998,10806800
24/03/2016,75.150002,76.150002,73.529999,75.860001,75.860001,8833400
28/03/2016,76.449997,76.889999,74.900002,76.480003,76.480003,6082100
29/03/2016,75.599998,78.239998,75.57,78.080002,78.080002,12535000
30/03/2016,79.010002,79.550003,78.540001,78.860001,78.860001,10696000
31/03/2016,78.5,79.839996,78.410004,79.029999,79.029999,11318500
01/04/2016,78.239998,79.019997,78.199997,78.730003,78.730003,9262200
04/04/2016,78.330002,79.550003,78.32,79.080002,79.080002,9817300
05/04/2016,78.199997,78.300003,76.910004,77.32,77.32,9603900
06/04/2016,77.300003,79.150002,77.190002,78.68,78.68,9071900
07/04/2016,77.599998,78.599998,77.182999,77.610001,77.610001,10937900
08/04/2016,78.269997,78.760002,76.621002,77.470001,77.470001,8401200
11/04/2016,78.07,78.588997,77.43,77.709999,77.709999,7896500
12/04/2016,78,78.239998,76.870003,77.860001,77.860001,7115400
13/04/2016,78.739998,79.720001,78.5,79.639999,79.639999,14150900
14/04/2016,79.309998,79.858002,78.360001,79.610001,79.610001,12611500
15/04/2016,79.449997,79.75,78.459999,78.970001,78.970001,11709100
18/04/2016,78.519997,79.120003,77.709999,79.010002,79.010002,7767000
19/04/2016,79.199997,80.480003,78.470001,79.459999,79.459999,14742000
20/04/2016,79,81.735001,78.989998,81.209999,81.209999,14911900
21/04/2016,81.080002,81.779999,80.199997,80.779999,80.779999,8819000
22/04/2016,80.120003,81.440002,79.154999,79.889999,79.889999,8649300
25/04/2016,79.800003,79.839996,78.68,78.839996,78.839996,9207600
26/04/2016,78.849998,79.559998,77.800003,78.610001,78.610001,9632700
27/04/2016,78.300003,78.620003,76.57,77.650002,77.650002,11491900
28/04/2016,77.650002,77.900002,76.089996,76.400002,76.400002,9959900
29/04/2016,76.809998,77.279999,75.660004,76.940002,76.940002,10124300
02/05/2016,76.889999,77,75.940002,76.610001,76.610001,7718100
03/05/2016,75.959999,76.269997,75.425003,75.910004,75.910004,8019200
04/05/2016,75.639999,75.910004,75.010002,75.82,75.82,14326600
05/05/2016,79.519997,79.940002,78.099998,78.830002,78.830002,27950900
06/05/2016,78.349998,79.720001,78.25,79.199997,79.199997,12862100
09/05/2016,78.940002,79.980003,78.889999,79.410004,79.410004,11795800
10/05/2016,79.790001,79.980003,79.150002,79.720001,79.720001,9319700
11/05/2016,79.43,80.485001,79.410004,79.800003,79.800003,11072500
12/05/2016,80.010002,80.449997,78.32,79.160004,79.160004,8791400
13/05/2016,78.824997,79.160004,76.970001,77.160004,77.160004,10078000
16/05/2016,77.860001,79.93,77.589996,79.290001,79.290001,11661000
17/05/2016,79.830002,80.199997,79.309998,79.349998,79.349998,10970700
18/05/2016,78.709999,80,78.470001,79.029999,79.029999,9085800
19/05/2016,78.650002,79.260002,77.599998,78.32,78.32,8317500
20/05/2016,78.32,79.449997,78.32,78.790001,78.790001,11043900
23/05/2016,78.949997,79.5,78.599998,79,79,7187500
24/05/2016,79.169998,81.309998,79.07,81.120003,81.120003,16707700
25/05/2016,78.529999,79.199997,74.120003,75.589996,75.589996,49606600
26/05/2016,75.589996,78.864998,75.589996,78.349998,78.349998,26968600
27/05/2016,78.489998,81,78.389999,80.970001,80.970001,24552900
31/05/2016,81,82.029999,80.199997,82,82,78861400
01/06/2016,82,82,76.550003,76.690002,76.690002,62531500
02/06/2016,76.650002,77.75,76.559998,77.300003,77.300003,45379500
03/06/2016,77.239998,77.800003,75.709999,76.620003,76.620003,23685700
06/06/2016,77.110001,78.330002,76.699997,78.059998,78.059998,19166100
07/06/2016,78.190002,78.370003,77.32,77.839996,77.839996,12878000
08/06/2016,78,78.529999,77.375,77.639999,77.639999,11614100
09/06/2016,77.389999,78.07,76.779999,77.559998,77.559998,8994400
10/06/2016,76.43,77.050003,75.760002,75.919998,75.919998,10421100
13/06/2016,75.25,76.455002,74.849998,75.449997,75.449997,11300800
14/06/2016,76.889999,78.449997,76.75,77.769997,77.769997,22358900
15/06/2016,78.309998,78.768997,77.510002,78.389999,78.389999,14734800
16/06/2016,77.839996,78.400002,76.199997,78.269997,78.269997,13570700
17/06/2016,78.449997,78.449997,76.480003,77,77,15582600
20/06/2016,77.900002,78.790001,77.839996,78.150002,78.150002,9625600
21/06/2016,78.75,79.080002,78.400002,78.620003,78.620003,8881800
22/06/2016,79.040001,79.120003,78.209999,78.730003,78.730003,8170900
23/06/2016,79.160004,79.459999,78.550003,79.139999,79.139999,8279500
24/06/2016,76.830002,77.5,75.43,76.290001,76.290001,18224800
27/06/2016,75.800003,75.970001,73.300003,74.230003,74.230003,15131300
28/06/2016,75.5,76.599998,75.5,76.279999,76.279999,11266200
29/06/2016,76.980003,78.480003,76.900002,78.040001,78.040001,11460000
30/06/2016,78.309998,79.760002,78.279999,79.529999,79.529999,12485300
01/07/2016,79.120003,80.050003,79.120003,79.650002,79.650002,7271300
05/07/2016,79.040001,79.550003,78.370003,78.970001,78.970001,6845200
06/07/2016,78.470001,78.82,77.68,78.639999,78.639999,7737600
07/07/2016,79,79.489998,78.709999,79.349998,79.349998,6819200
08/07/2016,78.440002,79.349998,77.800003,78.989998,78.989998,14029100
11/07/2016,79.330002,81.900002,79.239998,81.459999,81.459999,17417500
12/07/2016,81.790001,82.879997,81.510002,81.739998,81.739998,15294100
13/07/2016,81.830002,81.879997,80.370003,80.57,80.57,10739200
14/07/2016,81.18,82.239998,80.860001,81.739998,81.739998,9361500
15/07/2016,81.779999,82.489998,80.964996,81.25,81.25,8919900
18/07/2016,80.599998,82.790001,80.599998,82.650002,82.650002,12113600
19/07/2016,82.480003,83.690002,82.050003,82.769997,82.769997,9799400
20/07/2016,83.269997,84.699997,83.230003,84.419998,84.419998,13991000
21/07/2016,84.709999,85,83.660004,84.18,84.18,10163500
22/07/2016,84,84.5,83.809998,84.489998,84.489998,5988400
25/07/2016,84.470001,84.790001,82.610001,83.190002,83.190002,13185900
26/07/2016,82.860001,83.629997,82.629997,83.589996,83.589996,7714700
27/07/2016,83.599998,83.639999,83,83.099998,83.099998,11629000
28/07/2016,83.459999,83.489998,82.120003,83.120003,83.120003,7476500
29/07/2016,83.370003,83.419998,81.945,82.480003,82.480003,8709300
01/08/2016,82.790001,84.800003,82.589996,84.339996,84.339996,13401200
02/08/2016,84.339996,84.339996,82.910004,83.800003,83.800003,7691600
03/08/2016,83.300003,83.839996,83.169998,83.669998,83.669998,5365800
04/08/2016,83.75,84.980003,83.690002,84.75,84.75,10731600
05/08/2016,85.010002,85.080002,84.440002,84.589996,84.589996,9401700
08/08/2016,84.989998,85.019997,84.300003,85,85,11528200
09/08/2016,85.050003,85.629997,84.800003,85.239998,85.239998,15349200
10/08/2016,86.010002,87.730003,86.010002,87.330002,87.330002,28195900
11/08/2016,92.139999,92.800003,91.260002,91.769997,91.769997,54169200
12/08/2016,92.980003,98.349998,92.910004,98.25,98.25,71968300
15/08/2016,98.279999,98.860001,96.82,97.169998,97.169998,33813400
16/08/2016,96.150002,97.150002,95.050003,96.660004,96.660004,27514000
17/08/2016,96.169998,97.25,96.050003,97,97,14980900
18/08/2016,97.25,97.940002,96.620003,97,97,15009000
19/08/2016,96.910004,97.239998,96.339996,96.860001,96.860001,14267100
22/08/2016,96.470001,96.629997,94.75,95.650002,95.650002,16222900
23/08/2016,95.589996,96.480003,95.410004,95.790001,95.790001,9646800
24/08/2016,95.68,96.300003,93.559998,93.879997,93.879997,12726600
25/08/2016,93.75,94.690002,93.120003,93.940002,93.940002,13039900
26/08/2016,94.150002,95.449997,94.080002,95.059998,95.059998,14133900
29/08/2016,94.599998,95.160004,94.209999,94.879997,94.879997,8818300
30/08/2016,95.349998,96.68,95.169998,96,96,13994200
31/08/2016,96.139999,97.199997,96.010002,97.190002,97.190002,28617000
01/09/2016,97.300003,98,97.010002,97.419998,97.419998,13387400
02/09/2016,97.970001,99.665001,97.970001,99.25,99.25,17482600
06/09/2016,100.449997,104.300003,100.449997,103.779999,103.779999,32803800
07/09/2016,103.839996,104,102.260002,102.32,102.32,15758800
08/09/2016,101.93,103.779999,101.629997,102.57,102.57,15475500
09/09/2016,101.800003,102.209999,99.050003,99.620003,99.620003,21250400
12/09/2016,97.379997,101.379997,97,100.800003,100.800003,17318200
13/09/2016,100.379997,101.489998,98.839996,100.279999,100.279999,20004900
14/09/2016,100.080002,102.589996,100.019997,102.400002,102.400002,19604700
15/09/2016,102.620003,104.480003,102.529999,104.449997,104.449997,20795900
16/09/2016,104,105.389999,103.860001,104.639999,104.639999,20363500
19/09/2016,105.160004,105.5,102.195,103.029999,103.029999,15234600
20/09/2016,102.940002,103.730003,100.93,101.360001,101.360001,12863800
21/09/2016,102.459999,106.190002,102.209999,106,106,22997100
22/09/2016,107.57,109.760002,107.480003,109.360001,109.360001,35627700
23/09/2016,108.25,108.400002,106.709999,107.709999,107.709999,23083000
26/09/2016,106.519997,107.059998,105.300003,105.889999,105.889999,16805300
27/09/2016,106.519997,108.489998,106.370003,108.260002,108.260002,17556700
28/09/2016,108.440002,109.870003,107.160004,108.75,108.75,16371600
29/09/2016,106.510002,106.690002,104.57,105.550003,105.550003,30236700
30/09/2016,106.5,107.099998,105.790001,105.790001,105.790001,15577500
03/10/2016,105.449997,106.290001,104.980003,105.379997,105.379997,10849500
04/10/2016,105.93,106.230003,105.050003,105.449997,105.449997,11068800
05/10/2016,105.870003,107.449997,105.660004,106.959999,106.959999,13176500
06/10/2016,107.300003,107.510002,106.184998,107.080002,107.080002,9885600
07/10/2016,106.889999,107.550003,105.559998,106,106,8954400
10/10/2016,106.790001,109,106.559998,108.410004,108.410004,11516600
11/10/2016,107.889999,107.970001,104.75,105.230003,105.230003,14916600
12/10/2016,105.050003,105.110001,101.82,103.620003,103.620003,18435000
13/10/2016,102.059998,102.550003,99,102.150002,102.150002,22390000
14/10/2016,104.269997,104.699997,101.029999,101.849998,101.849998,12789500
17/10/2016,101.5,103.470001,101.269997,102.839996,102.839996,10351700
18/10/2016,104.470001,104.989998,103.309998,103.339996,103.339996,11107200
19/10/2016,104.330002,104.800003,103.650002,103.93,103.93,8918900
20/10/2016,104.199997,104.739998,103.57,103.849998,103.849998,7109800
21/10/2016,103.699997,103.940002,102.75,103.940002,103.940002,8073100
24/10/2016,104.980003,105.300003,103.550003,104.5,104.5,10898800
25/10/2016,104.860001,105.199997,104.019997,104.220001,104.220001,8985700
26/10/2016,103.68,104,102.699997,102.779999,102.779999,7579800
27/10/2016,103.379997,104.110001,101.849998,102.379997,102.379997,8807100
28/10/2016,102.349998,103.050003,101.550003,101.93,101.93,8479500
31/10/2016,102.650002,103.209999,101.419998,101.690002,101.690002,15837900
01/11/2016,100.43,101.239998,99.209999,101.150002,101.150002,21287300
02/11/2016,103.849998,104.099998,97.300003,98.510002,98.510002,36939900
03/11/2016,98.040001,99.300003,96.459999,97.75,97.75,17412600
04/11/2016,96.900002,98.790001,96.669998,97.57,97.57,9048500
07/11/2016,100.07,100.620003,99.160004,99.349998,99.349998,11198300
08/11/2016,99.389999,99.989998,98.360001,99.849998,99.849998,8091100
09/11/2016,97.379997,98.580002,95.800003,96.669998,96.669998,20948000
10/11/2016,98.339996,98.5,92.220001,94.339996,94.339996,27346700
11/11/2016,93.860001,94.089996,91.099998,92.989998,92.989998,23725800
14/11/2016,92.450996,92.540001,87.879997,89.769997,89.769997,27356200
15/11/2016,91,93.489998,90.75,91,91,16723000
16/11/2016,91.389999,93.68,91.330002,92.860001,92.860001,14079700
17/11/2016,94.709999,94.980003,93.639999,94.07,94.07,10380200
18/11/2016,94.849998,95.300003,92.669998,93.389999,93.389999,10032600
21/11/2016,94.050003,94.660004,93,93.410004,93.410004,8960000
22/11/2016,94.239998,94.419998,93.160004,93.209999,93.209999,10403600
23/11/2016,92.529999,93.400002,91.449997,93.029999,93.029999,11721700
25/11/2016,93.550003,93.75,92.769997,93.010002,93.010002,4868500
28/11/2016,93.019997,95.740997,93,93.760002,93.760002,14340100
29/11/2016,93.669998,96.055,93.389999,94.989998,94.989998,14146900
30/11/2016,95.279999,95.480003,93.300003,94.019997,94.019997,11447700
01/12/2016,94,94.055,89.18,89.860001,89.860001,24030700
02/12/2016,90.379997,91.739998,89.949997,90.480003,90.480003,11718800
05/12/2016,90.050003,91.400002,89.57,90.989998,90.989998,8902600
06/12/2016,91.559998,91.93,89.959999,90.400002,90.400002,7787800
07/12/2016,90.519997,91.650002,89.5,91.07,91.07,13240000
08/12/2016,91.800003,93.080002,91.029999,92.309998,92.309998,10919500
09/12/2016,92.510002,93.639999,92.279999,93.279999,93.279999,9177600
12/12/2016,92.050003,92.889999,91.699997,92.470001,92.470001,9355900
13/12/2016,92.800003,93.730003,91.870003,92.160004,92.160004,10491300
14/12/2016,91.830002,92.260002,90.830002,91.190002,91.190002,9153700
15/12/2016,90,90.599998,88.739998,88.849998,88.849998,19215500
16/12/2016,89,90.099998,88.559998,88.669998,88.669998,11341500
19/12/2016,88.610001,89.82,88.410004,88.93,88.93,10226300
20/12/2016,89.190002,90.309998,88.940002,89.839996,89.839996,8434700
21/12/2016,89.959999,90.43,89.25,89.25,89.25,9044900
22/12/2016,87.889999,88.260002,86.010002,86.800003,86.800003,14404500
23/12/2016,86.620003,87.68,86.620003,86.790001,86.790001,6344000
27/12/2016,86.720001,87.940002,86.709999,87.540001,87.540001,5228000
28/12/2016,88.300003,88.75,87.220001,87.370003,87.370003,6421100
29/12/2016,87.82,88.199997,87.160004,87.330002,87.330002,5467100
30/12/2016,87.57,88.099998,87.199997,87.809998,87.809998,7211100
03/01/2017,89,89,88.080002,88.599998,88.599998,8789400
04/01/2017,88.985001,90.889999,88.580002,90.510002,90.510002,11490200
05/01/2017,91.910004,94.809998,91.639999,94.370003,94.370003,16821500
06/01/2017,94.400002,94.5,93,93.889999,93.889999,7639800
09/01/2017,94.160004,95.650002,93.309998,94.720001,94.720001,10829500
10/01/2017,96.400002,97.903999,95.550003,96.75,96.75,14780600
11/01/2017,96.919998,97.449997,95.599998,96.940002,96.940002,8735900
12/01/2017,96.849998,96.849998,94.800003,95.900002,95.900002,8424700
13/01/2017,95.949997,97.379997,95.760002,96.269997,96.269997,10701100
17/01/2017,96.32,96.589996,95,96.120003,96.120003,6342400
18/01/2017,96.269997,96.269997,95.260002,96,96,6610700
19/01/2017,96.419998,96.699997,95.580002,96.169998,96.169998,7090000
20/01/2017,96.449997,97.150002,95.670998,96.059998,96.059998,9685800
23/01/2017,96.480003,98.669998,96.260002,98.410004,98.410004,14090300
24/01/2017,103.150002,103.190002,99.940002,101.43,101.43,37181500
25/01/2017,102.459999,104.269997,101.900002,104.059998,104.059998,23322800
26/01/2017,103.919998,104.57,102.169998,102.75,102.75,12504800
27/01/2017,102.25,102.699997,101.290001,102.07,102.07,8031000
30/01/2017,101.199997,101.459999,100.089996,101.019997,101.019997,8619800
31/01/2017,100.239998,102.089996,100.059998,101.309998,101.309998,7530000
01/02/2017,102.07,102.379997,100.870003,101.57,101.57,5736400
02/02/2017,101.279999,101.470001,100.559998,100.839996,100.839996,5371600
03/02/2017,101.5,101.559998,100.300003,100.389999,100.389999,6197600
06/02/2017,100.169998,101.706001,100.019997,100.900002,100.900002,6866700
07/02/2017,101.040001,101.599998,100.5,100.830002,100.830002,5655600
08/02/2017,101.550003,103.989998,101.160004,103.57,103.57,10178500
09/02/2017,103.57,104.18,102.559998,103.339996,103.339996,8435800
10/02/2017,103.879997,103.940002,102.309998,102.360001,102.360001,7680300
13/02/2017,102.82,104.440002,102.620003,103.099998,103.099998,9729000
14/02/2017,103.139999,103.599998,100.896004,101.589996,101.589996,10240700
15/02/2017,102.059998,102.129997,100.110001,101.550003,101.550003,12384400
16/02/2017,101.860001,102.099998,100.5,100.82,100.82,7464000
17/02/2017,100.690002,101.730003,100.300003,100.519997,100.519997,8258200
21/02/2017,101.029999,102.540001,100.910004,102.120003,102.120003,8189600
22/02/2017,102.480003,105.199997,102.419998,104.199997,104.199997,15779400
23/02/2017,104.720001,104.860001,101.82,102.459999,102.459999,10095600
24/02/2017,101.389999,103,101.300003,102.949997,102.949997,7356600
27/02/2017,102.5,103.824997,102.220001,103.599998,103.599998,6865900
28/02/2017,103.889999,103.989998,102.029999,102.900002,102.900002,8017500
01/03/2017,103.68,104.989998,103.209999,104.040001,104.040001,10331800
02/03/2017,103.800003,104.580002,102.769997,103.190002,103.190002,7983000
03/03/2017,102.989998,103.419998,102.440002,103.309998,103.309998,6320900
06/03/2017,102.760002,103.25,102.099998,102.309998,102.309998,6290700
07/03/2017,102.300003,103.307999,102.110001,102.629997,102.629997,4985200
08/03/2017,102.629997,104.290001,102.540001,103.220001,103.220001,7066700
09/03/2017,102.970001,103.75,102.760002,103.239998,103.239998,4523600
10/03/2017,103.43,103.699997,102.629997,103.389999,103.389999,4120700
13/03/2017,103.519997,106.25,103.470001,105.18,105.18,16118900
14/03/2017,104.610001,106,103.821999,104.25,104.25,7748400
15/03/2017,104.370003,104.489998,102.599998,103.690002,103.690002,11695200
16/03/2017,105.25,105.650002,104.301003,105.629997,105.629997,12445200
17/03/2017,105.169998,106.5,104.860001,105.610001,105.610001,8778900
20/03/2017,106.230003,108.199997,105.940002,107.25,107.25,12447900
21/03/2017,108.459999,108.699997,104.699997,105.089996,105.089996,13877700
22/03/2017,104.639999,106.120003,103.980003,106.089996,106.089996,7153000
23/03/2017,106.949997,108.830002,106.440002,108.25,108.25,13410800
24/03/2017,108.400002,109.129997,107.230003,108.040001,108.040001,7578400
27/03/2017,106.650002,108.190002,106.510002,108.080002,108.080002,7709400
28/03/2017,108.230003,108.949997,107.459999,107.800003,107.800003,6472000
29/03/2017,107.970001,109.739998,107.690002,109.510002,109.510002,8788700
30/03/2017,109.728996,110.449997,108.660004,108.849998,108.849998,10592500
31/03/2017,108.5,109.119003,107.779999,107.830002,107.830002,9002800
03/04/2017,108.849998,109.470001,107.519997,108.089996,108.089996,8391400
04/04/2017,107.870003,108.260002,106.879997,107.519997,107.519997,6480100
05/04/2017,108.360001,108.82,107.32,107.440002,107.440002,8205400
06/04/2017,107.589996,108.419998,107.150002,108.040001,108.040001,5211100
07/04/2017,107.879997,109.07,106.760002,108.989998,108.989998,8354900
10/04/2017,109,111.879997,108.839996,111.699997,111.699997,14798600
11/04/2017,111.400002,111.790001,109.459999,110.440002,110.440002,10012100
12/04/2017,110.5,111.699997,110.309998,110.629997,110.629997,8099800
13/04/2017,110.720001,111.449997,109.82,110.209999,110.209999,6857000
17/04/2017,110.910004,111.870003,110.300003,111.760002,111.760002,7128100
18/04/2017,111.199997,112.199997,110.866997,111.230003,111.230003,8305100
19/04/2017,111.989998,112.199997,110.57,110.760002,110.760002,9603800
20/04/2017,111.529999,113.599998,111.480003,112.959999,112.959999,13773500
21/04/2017,112.800003,113.169998,112.300003,113.110001,113.110001,8968300
24/04/2017,114.040001,115.160004,114.019997,114.860001,114.860001,13386600
25/04/2017,115.540001,115.82,114.800003,115.480003,115.480003,11434600
26/04/2017,115.370003,115.75,114.622002,114.970001,114.970001,6678800
27/04/2017,115,115.959999,114.830002,115.43,115.43,9441500
28/04/2017,115.900002,115.989998,115,115.5,115.5,6984900
01/05/2017,115.629997,117.239998,115.5,116.68,116.68,7332100
02/05/2017,117.07,118.690002,117,118.089996,118.089996,10048200
03/05/2017,117.949997,118,115.120003,116.57,116.57,10591100
04/05/2017,115.940002,116.410004,115.150002,115.860001,115.860001,6977800
05/05/2017,116.050003,116.150002,114.800003,116.040001,116.040001,7099400
08/05/2017,116.900002,117.510002,116.199997,116.860001,116.860001,6461900
09/05/2017,118.620003,120,118.07,120,120,15219900
10/05/2017,120.010002,120.330002,119.099998,119.980003,119.980003,9347300
11/05/2017,120.129997,120.5,118.25,120.160004,120.160004,11375500
12/05/2017,120.160004,120.468002,119.510002,120.339996,120.339996,9823900
15/05/2017,121.029999,121.489998,120.030998,121.400002,121.400002,11125500
16/05/2017,121.980003,124.339996,121.739998,124.019997,124.019997,18222100
17/05/2017,123.25,123.889999,120.5,120.720001,120.720001,19834700
18/05/2017,116.309998,122.629997,114,121.269997,121.269997,37121900
19/05/2017,123.959999,126.400002,123.07,123.220001,123.220001,21101700
22/05/2017,124.980003,125.589996,123.555,124.75,124.75,13493200
23/05/2017,124.669998,125.675003,122.849998,122.93,122.93,14370100
24/05/2017,123.07,123.683998,121.949997,122.809998,122.809998,8371500
25/05/2017,123.739998,124.449997,122.309998,123.629997,123.629997,12486500
26/05/2017,123.93,124.650002,123.099998,123.989998,123.989998,7558900
30/05/2017,124.080002,124.879997,123.529999,123.910004,123.910004,8343400
31/05/2017,123.639999,124.175003,122,122.459999,122.459999,11582200
01/06/2017,122.82,124,122.260002,123.970001,123.970001,8901400
02/06/2017,123.720001,124.529999,123.239998,124.129997,124.129997,7342100
05/06/2017,124.019997,125.559998,123.870003,125.370003,125.370003,10030600
06/06/2017,125.370003,126.199997,124.269997,124.620003,124.620003,9257100
07/06/2017,125.080002,125.910004,124.110001,125.639999,125.639999,9431600
08/06/2017,142.509995,143.699997,135.210007,142.339996,142.339996,81381500
09/06/2017,142.339996,148.289993,137.009995,139.440002,139.440002,54367400
12/06/2017,139.169998,139.389999,136.050003,139.080002,139.080002,32177600
13/06/2017,141.880005,142.244003,135.899994,136.600006,136.600006,40879600
14/06/2017,137.800003,139.25,135.259995,136.669998,136.669998,32862000
15/06/2017,135.639999,135.669998,133.100006,135.080002,135.080002,30510400
16/06/2017,136.279999,136.5,133.550003,134.869995,134.869995,36431300
19/06/2017,137.809998,140.399994,137.399994,139.470001,139.470001,24951600
20/06/2017,140.080002,140.630005,137.929993,138.380005,138.380005,20580500
21/06/2017,138.820007,143.5,138.020004,143.289993,143.289993,30911600
22/06/2017,142.050003,144.679993,140.880005,142.270004,142.270004,21897600
23/06/2017,142.100006,143.339996,141.600006,143.009995,143.009995,11759000
26/06/2017,144.029999,145.360001,141.270004,142.729996,142.729996,17828100
27/06/2017,143.899994,144.380005,141.100006,141.529999,141.529999,17374800
28/06/2017,142.649994,144.369995,141.479996,143.949997,143.949997,17759800
29/06/2017,143.160004,143.559998,137.520004,140.809998,140.809998,24130300
30/06/2017,141.029999,142.380005,139.919998,140.899994,140.899994,12276700
03/07/2017,141.75,142.490005,139.494995,140.990005,140.990005,6975700
05/07/2017,141.160004,145,140.330002,144.869995,144.869995,16995800
06/07/2017,143.009995,143.619995,141.830002,142.199997,142.199997,11934200
07/07/2017,142.649994,143.378998,141.830994,142.429993,142.429993,8046200
10/07/2017,143,144.160004,142.25,143.809998,143.809998,10351500
11/07/2017,144.289993,145.869995,143.259995,145.809998,145.809998,13519900
12/07/2017,147.380005,149.300003,146.850006,149,149,14955800
13/07/2017,149.520004,150,148,149.520004,149.520004,11683400
14/07/2017,150.119995,152.25,149.690002,151.830002,151.830002,11469400
17/07/2017,153.529999,153.699997,150.419998,151.229996,151.229996,15342700
18/07/2017,151.080002,154.600006,150.479996,153.75,153.75,15313000
19/07/2017,155.139999,156.410004,152.639999,153.149994,153.149994,16896100
20/07/2017,153.960007,154.119995,151.839996,152.110001,152.110001,16739800
21/07/2017,151.789993,152.149994,150.309998,151.889999,151.889999,11452700
24/07/2017,152.770004,153.229996,151.600006,152.259995,152.259995,10649100
25/07/2017,152.360001,152.75,150.850006,152.440002,152.440002,8460300
26/07/2017,152.529999,156,152.360001,155.789993,155.789993,14466300
27/07/2017,157.850006,160.389999,151.330002,154.149994,154.149994,26058500
28/07/2017,153.960007,158.960007,152.820007,157.559998,157.559998,14449400
31/07/2017,158.899994,159.389999,153.5,154.949997,154.949997,17782400
01/08/2017,156.25,156.610001,153.800003,154.729996,154.729996,12035300
02/08/2017,155.470001,155.75,149.100006,151.910004,151.910004,19529300
03/08/2017,152.100006,153.800003,149.600006,153.320007,153.320007,12435400
04/08/2017,154.320007,154.320007,152.160004,153.330002,153.330002,10035600
07/08/2017,154.830002,158.990005,154.369995,158.839996,158.839996,15906400
08/08/2017,158.559998,159.839996,156.800003,157.5,157.5,15447100
09/08/2017,156.050003,157.710007,155.199997,157.490005,157.490005,11022600
10/08/2017,156.199997,156.5,151.25,151.770004,151.770004,19298900
11/08/2017,150.509995,152.570007,147.5,151.699997,151.699997,22327400
14/08/2017,154.770004,155.080002,153.100006,154.610001,154.610001,14601800
15/08/2017,155.740005,158.320007,154,157.75,157.75,18635700
16/08/2017,160,160.350006,158.535004,159.5,159.5,21318300
17/08/2017,166.119995,168,163.509995,163.919998,163.919998,56840300
18/08/2017,165.360001,169.5,164.100006,167.5,167.5,31492500
21/08/2017,168.289993,170.600006,166.979996,169.25,169.25,22352300
22/08/2017,170.020004,174.770004,169.639999,174.460007,174.460007,24481900
23/08/2017,172.899994,176.229996,172.75,175.800003,175.800003,21939000
24/08/2017,177,177,174.300003,175,175,20795200
25/08/2017,174.800003,174.940002,171.110001,171.740005,171.740005,24184700
28/08/2017,171.149994,171.339996,167.059998,168.300003,168.300003,24615900
29/08/2017,165.149994,169.229996,164.350006,167.410004,167.410004,19587300
30/08/2017,169.149994,172.389999,169.149994,171.25,171.25,17770000
31/08/2017,172.539993,172.899994,170.25,171.740005,171.740005,16486800
01/09/2017,171.990005,172.386002,170.649994,171.039993,171.039993,11166600
05/09/2017,169.470001,171.929993,168.738007,169.919998,169.919998,14943600
06/09/2017,170.169998,171.110001,167,168.139999,168.139999,19988300
07/09/2017,169.259995,170.970001,168,170.479996,170.479996,15141900
08/09/2017,169.990005,171.220001,168.919998,169,169,12345300
11/09/2017,171.5,174.199997,171.5,174.059998,174.059998,18257900
12/09/2017,174.889999,175.619995,173.369995,175.309998,175.309998,15629700
13/09/2017,175.75,179.100006,175.559998,178.970001,178.970001,22060700
14/09/2017,177.539993,179.929993,176.020004,177.100006,177.100006,22827700
15/09/2017,177.899994,179.75,176.699997,176.699997,176.699997,26567600
18/09/2017,178.889999,180.289993,177.75,179.979996,179.979996,22919800
19/09/2017,180.690002,180.869995,179.25,180.070007,180.070007,14751900
20/09/2017,180.020004,180.5,176.151001,177.949997,177.949997,15396700
21/09/2017,178.050003,178.860992,175.300003,177.389999,177.389999,14578800
22/09/2017,176.199997,178.419998,175.679993,178.139999,178.139999,12749700
25/09/2017,176.479996,177,167.5,169.589996,169.589996,34033700
26/09/2017,170.009995,171.899994,166.789993,167.020004,167.020004,23696200
27/09/2017,169.839996,171.949997,169.449997,170.990005,170.990005,19444200
28/09/2017,170.910004,171.880005,169.567001,170.240005,170.240005,13957000
29/09/2017,171.110001,173.539993,170.740005,172.710007,172.710007,13401800
02/10/2017,174.570007,175.130005,172.570007,173.610001,173.610001,12563400
03/10/2017,176.059998,178.779999,173.610001,178.559998,178.559998,16714600
04/10/2017,178.059998,180,177.300003,178.710007,178.710007,11420600
05/10/2017,179,179.729996,176.029999,178.889999,178.889999,11895300
06/10/2017,177.850006,179.869995,177.610001,179.199997,179.199997,8749300
09/10/2017,178.970001,183.132004,178.75,182.089996,182.089996,15011600
10/10/2017,181.649994,184.460007,181.360001,183.119995,183.119995,13201300
11/10/2017,183,184.699997,182.600998,184.690002,184.690002,11974400
12/10/2017,184.039993,184.389999,180.348007,180.529999,180.529999,15441200
13/10/2017,180.960007,181.399994,177.970001,178.449997,178.449997,18107700
16/10/2017,180,180.050003,178.509995,179.559998,179.559998,12855900
17/10/2017,179.580002,180.119995,175.300003,175.320007,175.320007,20132200
18/10/2017,177.089996,180,176.279999,179.610001,179.610001,21736500
19/10/2017,177.001007,179.610001,175.449997,177.929993,177.929993,13539000
20/10/2017,179.020004,179.520004,177.080002,177.320007,177.320007,11953200
23/10/2017,177.800003,178.009995,173.050003,173.130005,173.130005,17610900
24/10/2017,174,175.979996,173.259995,173.699997,173.699997,11946000
25/10/2017,174.690002,175.440002,169.300003,170.220001,170.220001,18109400
26/10/2017,170.619995,171.449997,168.580002,170.320007,170.320007,13527400
27/10/2017,173.190002,177,171.110001,176.149994,176.149994,19712600
30/10/2017,178.429993,181.899994,177.589996,181.580002,181.580002,20219700
31/10/2017,183.570007,185.119995,181.811005,184.889999,184.889999,21256700
01/11/2017,187.880005,188.880005,183.580002,186.080002,186.080002,28594700
02/11/2017,190.990005,191.220001,183.309998,184.809998,184.809998,41239900
03/11/2017,186.509995,186.929993,182.059998,183.210007,183.210007,19697300
06/11/2017,184.070007,188.25,184,187.839996,187.839996,19873100
07/11/2017,189.580002,189.860001,187,188.509995,188.509995,17781000
08/11/2017,187.979996,188.149994,185.100006,185.899994,185.899994,13944600
09/11/2017,184.210007,185.130005,181.050003,185.130005,185.130005,19755600
10/11/2017,187.029999,187.169998,185.399994,186.410004,186.410004,15031000
13/11/2017,186.770004,187.880005,184,184.539993,184.539993,17139100
14/11/2017,184.300003,184.380005,181.149994,181.789993,181.789993,14475300
15/11/2017,179.369995,181.880005,176.735992,181.479996,181.479996,16567000
16/11/2017,183.309998,186.270004,183.119995,185.429993,185.429993,18389500
17/11/2017,185.919998,186.5,184.669998,185.130005,185.130005,13422700
20/11/2017,187.600006,190,186.610992,188,188,25992300
21/11/2017,190.350006,191.559998,188.800003,190.899994,190.899994,19639500
22/11/2017,191.539993,191.75,189.369995,189.839996,189.839996,14417600
24/11/2017,189.389999,191.699997,188.699997,191.190002,191.190002,9887300
27/11/2017,190.490005,191.449997,187.550003,188.029999,188.029999,14952800
28/11/2017,188.830002,189.100006,186.5,186.690002,186.690002,13378100
29/11/2017,185.25,185.410004,173.619995,179.910004,179.910004,40204100
30/11/2017,179.529999,179.800003,176.320007,177.080002,177.080002,25851100
01/12/2017,175.270004,179.800003,173.800003,174.610001,174.610001,26782300
04/12/2017,177.199997,177.580002,168.259995,169.580002,169.580002,35895100
05/12/2017,165.279999,172.960007,164.25,168.960007,168.960007,31609900
06/12/2017,172.630005,173.229996,167.865005,172.630005,172.630005,23897800
07/12/2017,175.289993,175.820007,172.259995,174.470001,174.470001,15697900
08/12/2017,177.570007,178.960007,176.369995,177.619995,177.619995,23543400
11/12/2017,179.899994,180.679993,178.149994,179.289993,179.289993,15626200
12/12/2017,174.639999,178.160004,173.770004,174.639999,174.639999,22656500
13/12/2017,175.190002,177.699997,174.300003,176.470001,176.470001,18653400
14/12/2017,173.110001,173.389999,169.610001,171.75,171.75,32830000
15/12/2017,172.889999,173.550003,170,173.550003,173.550003,41356700
18/12/2017,174.600006,174.699997,172.369995,173.369995,173.369995,17023300
19/12/2017,171.970001,173,170.509995,171.279999,171.279999,23936200
20/12/2017,171.789993,172.899994,170.800003,172.639999,172.639999,17121400
21/12/2017,172.800003,176.25,172.651001,175.320007,175.320007,14812400
22/12/2017,175.839996,176.660004,175.039993,176.289993,176.289993,12524700
26/12/2017,174.550003,175.149994,171.729996,172.330002,172.330002,12913800
27/12/2017,172.289993,173.869995,171.729996,172.970001,172.970001,10152300
28/12/2017,173.039993,173.529999,171.669998,172.300003,172.300003,9508100
29/12/2017,172.279999,173.669998,171.199997,172.429993,172.429993,9704600
02/01/2018,176.399002,184.100006,175.699997,183.649994,183.649994,29916900
03/01/2018,185.190002,185.634995,181.399994,184,184,20121900
04/01/2018,185.899994,187.746994,184.429993,185.710007,185.710007,19473800
05/01/2018,187.169998,190.75,186.300995,190.699997,190.699997,18168300
08/01/2018,190.460007,191.660004,189.070007,190.330002,190.330002,16230100
09/01/2018,191.130005,192.490005,188,190.800003,190.800003,19495100
10/01/2018,188.100006,190.389999,186.580002,189.789993,189.789993,17943800
11/01/2018,189.729996,190.429993,188.100006,188.75,188.75,12400400
12/01/2018,189.910004,190.199997,187.25,187.789993,187.789993,11789600
16/01/2018,190.399994,191.740005,181.75,182.399994,182.399994,27428500
17/01/2018,183.300003,184.800003,179.320007,183.830002,183.830002,21346500
18/01/2018,184.279999,185.845001,182.690002,184.399994,184.399994,14190700
19/01/2018,185.149994,185.238998,182.800003,184.050003,184.050003,15349300
22/01/2018,184.975006,185.039993,181.679993,184.020004,184.020004,16016300
23/01/2018,185.279999,192.399994,183.539993,192.279999,192.279999,31305900
24/01/2018,194.710007,198.860001,192.399994,195.529999,195.529999,34497300
25/01/2018,196.339996,199.589996,194.100006,198.330002,198.330002,23421600
26/01/2018,200.330002,205.229996,199.210007,205.220001,205.220001,23768600
29/01/2018,204.830002,205.690002,201.820007,203.009995,203.009995,21908600
30/01/2018,198.679993,202.539993,196.490005,199.660004,199.660004,23377500
31/01/2018,202.820007,206.199997,202.800003,204.289993,204.289993,26982500
01/02/2018,192.75,199.490005,191.139999,192.220001,192.220001,52628900
02/02/2018,194.789993,195.679993,186.800003,187.309998,187.309998,32233900
05/02/2018,183.699997,190.470001,179.899994,180.529999,180.529999,31084000
06/02/2018,174.720001,185.589996,174.169998,185.169998,185.169998,35804500
07/02/2018,183.5,186.830002,180.300003,180.300003,180.300003,19672100
08/02/2018,182.270004,183.100006,171.389999,173.699997,173.699997,32051300
09/02/2018,175.119995,177.615997,168.880005,176.669998,176.669998,28049500
12/02/2018,180.440002,180.789993,175.085999,177.440002,177.440002,18280300
13/02/2018,177.419998,182.149994,177,179.25,179.25,15507000
14/02/2018,179.220001,186.929993,178.899994,186.759995,186.759995,21047400
15/02/2018,189.25,189.559998,184.431,187.449997,187.449997,14361100
16/02/2018,186.75,188.270004,183.539993,183.679993,183.679993,16008400
20/02/2018,183.669998,188.830002,183,187.190002,187.190002,14854900
21/02/2018,189.369995,193.169998,188.460007,188.820007,188.820007,22071600
22/02/2018,190.199997,190.740005,187.770004,188.75,188.75,12282800
23/02/2018,190.179993,193.404999,189.949997,193.289993,193.289993,16937300
26/02/2018,194.460007,195.149994,190.649994,194.190002,194.190002,19463100
27/02/2018,192.589996,193.567001,187.210007,188.259995,188.259995,23218500
28/02/2018,187.25,188.240005,185,186.139999,186.139999,19367600
01/03/2018,186.179993,187.479996,180.050003,181.990005,181.990005,17286300
02/03/2018,178.009995,180.229996,175.449997,179.759995,179.759995,18909100
05/03/2018,179.410004,181.949997,177.070007,181.600006,181.600006,15656700
06/03/2018,185.190002,188.009995,184.820007,187.369995,187.369995,17856100
07/03/2018,184.369995,189.070007,184.320007,189.050003,189.050003,13728900
08/03/2018,189.050003,190.229996,186.570007,187.179993,187.179993,14331400
09/03/2018,189.639999,190.699997,188.009995,190.550003,190.550003,14208400
12/03/2018,192.300003,194.399994,190.899994,192.740005,192.740005,17826200
13/03/2018,193.880005,194.25,187.389999,188.410004,188.410004,14826700
14/03/2018,190.289993,193.630005,190.220001,192.559998,192.559998,20032300
15/03/2018,198.440002,201.5,196.520004,199.059998,199.059998,33504600
16/03/2018,198.399994,200.380005,197.259995,200.279999,200.279999,26948700
19/03/2018,198,198.429993,192.800995,194.529999,194.529999,19681400
20/03/2018,194.949997,199.210007,194.539993,198.949997,198.949997,11952000
21/03/2018,198.800003,198.880005,194.570007,195.300003,195.300003,12047300
22/03/2018,190.75,192.389999,184.600006,184.649994,184.649994,25355700
23/03/2018,186.850006,187.139999,180.401001,181.199997,181.199997,18714400
26/03/2018,187.889999,190.619995,184.320007,190.5,190.5,16758700
27/03/2018,192.240005,192.25,180.660004,181.889999,181.889999,16627900
28/03/2018,180.729996,183.440002,177.570007,178.910004,178.910004,20081100
29/03/2018,180.880005,185.130005,178.619995,183.539993,183.539993,16378900
02/04/2018,182.809998,183.509995,175.75,177.610001,177.610001,16028700
03/04/2018,179.259995,179.580002,173,174.669998,174.669998,19975100
04/04/2018,166.880005,172.410004,166.130005,172.070007,172.070007,24573600
05/04/2018,175.479996,176.559998,171.169998,172.570007,172.570007,18250900
06/04/2018,169.839996,172.270004,166.399994,167.520004,167.520004,18210000
09/04/2018,169.75,172.720001,168.610001,169.869995,169.869995,14717300
10/04/2018,175.100006,177.880005,173.850006,177.100006,177.100006,20436200
11/04/2018,176.479996,178.160004,174.740005,175.360001,175.360001,10170500
12/04/2018,175.929993,177.899994,174.559998,175.919998,175.919998,11133900
13/04/2018,176.720001,176.800003,171.070007,172.039993,172.039993,13526200
16/04/2018,172.009995,174.789993,171.009995,174.699997,174.699997,9876200
17/04/2018,174.830002,179.339996,174.830002,178.699997,178.699997,16285800
18/04/2018,178.899994,182.880005,177.639999,182.679993,182.679993,16972700
19/04/2018,183.259995,183.630005,179.520004,181.389999,181.389999,11989000
20/04/2018,179.360001,181.389999,177.529999,179.110001,179.110001,14473100
23/04/2018,178.630005,179.320007,174.710007,175.570007,175.570007,12033900
24/04/2018,177.630005,178,170.679993,173.089996,173.089996,14567500
25/04/2018,170.520004,171.300003,166.639999,170.220001,170.220001,17132900
26/04/2018,173.25,174.360001,172.050003,173.899994,173.899994,13398000
27/04/2018,177.110001,178.199997,174.009995,177.160004,177.160004,15062500
30/04/2018,178.089996,180.039993,177.050003,178.539993,178.539993,14654000
01/05/2018,177.580002,180.320007,177.440002,179.5,179.5,10787700
02/05/2018,180.800003,184.264008,180.110001,181.449997,181.449997,20681800
03/05/2018,183.5,183.589996,175.770004,182.449997,182.449997,26257600
04/05/2018,180.399994,190.600006,178.619995,188.889999,188.889999,57788300
07/05/2018,190.410004,196.600006,190.300003,195.350006,195.350006,29862200
08/05/2018,194.199997,197.339996,193.009995,196.309998,196.309998,21856300
09/05/2018,195.839996,197.380005,194.5,195.429993,195.429993,13780600
10/05/2018,196.300003,199.770004,195.160004,195.960007,195.960007,21295000
11/05/2018,196.399994,196.460007,193.380005,194.360001,194.360001,12741100
14/05/2018,195.899994,200,195.869995,198.639999,198.639999,17627100
15/05/2018,195.229996,196.779999,193.860001,196.610001,196.610001,12694900
16/05/2018,196.75,199.75,196.300003,198.110001,198.110001,12887500
17/05/2018,196,198.429993,195.570007,196.020004,196.020004,13470500
18/05/2018,196.429993,197.779999,194.720001,195,195,14242300
21/05/2018,197.800003,199.789993,196.399994,197.639999,197.639999,13830500
22/05/2018,198.300003,198.626999,195.699997,195.869995,195.869995,9700100
23/05/2018,193.880005,196.899994,192.800995,196.800003,196.800003,12807400
24/05/2018,198.119995,199.720001,195.697006,197.369995,197.369995,18527700
25/05/2018,197.570007,201.5,197.210007,199.199997,199.199997,21270000
29/05/2018,197.940002,202.279999,197,198,198,18768700
30/05/2018,199.699997,200.539993,197.5,197.979996,197.979996,13930600
31/05/2018,198,199.479996,196.850006,198.009995,198.009995,17982500
01/06/2018,199.5,204.990005,199.449997,204.339996,204.339996,23131900
04/06/2018,205.119995,209.75,204.729996,208.949997,208.949997,19357000
05/06/2018,209.949997,211.699997,207.130005,208.369995,208.369995,17787700
06/06/2018,209.860001,210.460007,207.289001,208.300003,208.300003,13800500
07/06/2018,207.460007,209,200.880005,203.619995,203.619995,26747800
08/06/2018,201.110001,206.229996,200.429993,205.070007,205.070007,17525200
11/06/2018,206.5,207.600006,205.009995,205.699997,205.699997,12061400
12/06/2018,206.949997,209.800003,206.899994,209.080002,209.080002,15910900
13/06/2018,209.440002,209.649994,206.600006,206.619995,206.619995,13844200
14/06/2018,207.720001,211.119995,207.509995,210.860001,210.860001,18838300
15/06/2018,207.490005,210.080002,206.009995,208,208,28665600
18/06/2018,205.160004,208.600006,203.880005,208.570007,208.570007,14645200
19/06/2018,203.529999,204.509995,199.5,204.429993,204.429993,24484200
20/06/2018,205.050003,207.229996,205.020004,206.229996,206.229996,15559600
21/06/2018,205.839996,206,201.039993,202.210007,202.210007,13963800
22/06/2018,203.380005,203.800003,200.25,202.009995,202.009995,9585000
25/06/2018,197.850006,198.100006,187.860001,191.25,191.25,32750900
26/06/2018,193.339996,193.660004,188.419998,191.419998,191.419998,20740400
27/06/2018,193.460007,193.600006,184.889999,185.020004,185.020004,23887000
28/06/2018,183.199997,188.960007,182.039993,188.380005,188.380005,19553800
29/06/2018,185.360001,188.970001,184.259995,185.529999,185.529999,26023400
02/07/2018,181.660004,186.360001,181.059998,186.360001,186.360001,17325900
03/07/2018,187.880005,188.5,184.360001,184.75,184.75,11673700
05/07/2018,187.169998,187.440002,182.899994,186.880005,186.880005,18412100
06/07/2018,186.009995,192.490005,185.539993,192.270004,192.270004,17035600
09/07/2018,194.449997,194.690002,190.869995,192.75,192.75,15466400
10/07/2018,192.889999,195.130005,191.479996,192.550003,192.550003,12611400
11/07/2018,188.600006,190.050003,187.419998,187.419998,187.419998,15947000
12/07/2018,190.770004,192.580002,189.789993,190.169998,190.169998,17440400
13/07/2018,191.610001,192.119995,189.300003,190.039993,190.039993,12550500
16/07/2018,189.570007,191.369995,189.149994,190.350006,190.350006,12205600
17/07/2018,188.649994,192.949997,187.899994,192.660004,192.660004,13270700
18/07/2018,192.449997,193.229996,189.910004,190.789993,190.789993,10796600
19/07/2018,188.679993,189.679993,186.869995,187.339996,187.339996,13373100
20/07/2018,189.490005,189.5,186.610001,187.25,187.25,12807500
23/07/2018,187.179993,187.809998,184.800003,187.039993,187.039993,10996200
24/07/2018,190.190002,193.070007,188.350006,189,189,18414800
25/07/2018,190.610001,198.350006,190.139999,197.979996,197.979996,20735400
26/07/2018,193.210007,196.119995,192.619995,194.179993,194.179993,13885500
27/07/2018,196.100006,196.270004,186.929993,189.419998,189.419998,19907100
30/07/2018,190.220001,190.589996,182.059998,184.820007,184.820007,19906300
31/07/2018,186.399994,188.947998,183.990005,187.229996,187.229996,17016600
01/08/2018,186,189.059998,183.960007,185.270004,185.270004,14370700
02/08/2018,181.539993,182.899994,179.779999,182.600006,182.600006,20976500
03/08/2018,184.149994,184.5,180.080002,180.839996,180.839996,18185100
06/08/2018,180.699997,180.860001,177.490005,178.619995,178.619995,35419000
07/08/2018,180.289993,183,179.740005,179.919998,179.919998,20620300
08/08/2018,180,180.179993,176.550003,177.520004,177.520004,21152400
09/08/2018,179.309998,180.630005,176.759995,177.190002,177.190002,35220900
10/08/2018,175.570007,180.449997,174.75,180.009995,180.009995,22049200
13/08/2018,179.649994,180.649994,177,177.679993,177.679993,14674000
14/08/2018,175.139999,176.199997,170.770004,172.529999,172.529999,38508600
15/08/2018,167.110001,169.850006,165.389999,169.830002,169.830002,41278600
16/08/2018,172.330002,175.699997,171.570007,171.990005,171.990005,34263300
17/08/2018,172.520004,174.199997,168.380005,172.779999,172.779999,24695400
20/08/2018,175.220001,178.860001,174.360001,176.289993,176.289993,25900700
21/08/2018,177.630005,179.669998,176.970001,177.919998,177.919998,20337400
22/08/2018,178.149994,179.740005,175.5,177.850006,177.850006,27138500
23/08/2018,184.970001,186.5,171.910004,172.229996,172.229996,78843400
24/08/2018,175,176.369995,172.449997,174.229996,174.229996,30442800
27/08/2018,177.100006,180.880005,176.220001,180.649994,180.649994,23533800
28/08/2018,182.149994,182.380005,177.5,178.190002,178.190002,15319000
29/08/2018,179.350006,179.660004,176.830002,178.5,178.5,11892600
30/08/2018,177.330002,178.100006,174.121994,174.600006,174.600006,17086200
31/08/2018,173.110001,176.681,172.759995,175.009995,175.009995,13730800
04/09/2018,173.5,173.949997,169,170.440002,170.440002,23450500
05/09/2018,167.479996,168.279999,162.029999,164.229996,164.229996,35694700
06/09/2018,164.160004,166.479996,158.669998,159.869995,159.869995,33052000
07/09/2018,159.949997,164.610001,159.509995,162.369995,162.369995,19452400
10/09/2018,158.589996,160.720001,155,156.360001,156.360001,39092700
11/09/2018,153.179993,158.449997,152.850006,157.460007,157.460007,25884100
12/09/2018,158.199997,162.820007,156.181,161.460007,161.460007,32490500
13/09/2018,165.410004,167.220001,164.009995,165.529999,165.529999,25696500
14/09/2018,167.880005,168,163.380997,164.740005,164.740005,23417700
17/09/2018,161.5,161.649994,158.289001,158.889999,158.889999,20423200
18/09/2018,156.880005,159.399994,155.520004,156.649994,156.649994,27240600
19/09/2018,158.820007,163.130005,158.820007,162.630005,162.630005,23028300
20/09/2018,166.889999,167.699997,164.716003,165.880005,165.880005,22818100
21/09/2018,169.460007,169.839996,164.5,164.630005,164.630005,22081900
24/09/2018,162.809998,163.399002,160.100006,163.160004,163.160004,13123400
25/09/2018,164.050003,165.440002,162.830002,164.25,164.25,9588700
26/09/2018,165.520004,167.389999,164.869995,165.399994,165.399994,13592500
27/09/2018,166.389999,167.050003,164.919998,166.320007,166.320007,12689200
28/09/2018,164.899994,165.660004,163.300003,164.759995,164.759995,10486500
01/10/2018,165.919998,165.949997,161.559998,162,162,10615200
02/10/2018,159.789993,161.028,158.270004,160.229996,160.229996,14730500
03/10/2018,163.149994,164.539993,161.929993,162.369995,162.369995,13118800
04/10/2018,160.059998,160.080002,153.869995,156.130005,156.130005,32176100
05/10/2018,156.139999,157.119995,152.25,154.630005,154.630005,20271000
08/10/2018,150.199997,152.636002,148.339996,151.139999,151.139999,25060400
09/10/2018,147.970001,150.589996,146.470001,146.940002,146.940002,31070200
10/10/2018,142.5,144,137.919998,138.289993,138.289993,55828800
11/10/2018,135.529999,142.910004,135.139999,141.899994,141.899994,43210300
12/10/2018,148.619995,149,144.520004,147.289993,147.289993,30764400
15/10/2018,144.770004,145.690002,142.300003,144.160004,144.160004,18567100
16/10/2018,145.710007,149.759995,145.259995,149.600006,149.600006,18365900
17/10/2018,150.679993,150.679993,146.369995,148.139999,148.139999,16872400
18/10/2018,145.850006,146.279999,140.800003,142.020004,142.020004,20618900
19/10/2018,145.339996,146.770004,142.610001,142.929993,142.929993,14855100
22/10/2018,148.990005,150.199997,146.100006,148.800003,148.800003,22589300
23/10/2018,143.220001,147.509995,142.619995,146.649994,146.649994,19950500
24/10/2018,145.179993,146.690002,139.339996,139.610001,139.610001,18512300
25/10/2018,142.5,144.910004,141.009995,144.600006,144.600006,13655100
26/10/2018,139,145.828995,138.550003,142.869995,142.869995,19476900
29/10/2018,142.419998,144,131.360001,133.380005,133.380005,35121700
30/10/2018,132.279999,136.399994,130.059998,136.330002,136.330002,25230000
31/10/2018,141.350006,142.649994,139.139999,142.279999,142.279999,23654600
01/11/2018,144.979996,152.317993,138.619995,151.25,151.25,47039300
02/11/2018,152.559998,154.360001,146.279999,147.589996,147.589996,45985800
05/11/2018,146.220001,149.369995,144.229996,144.639999,144.639999,16197300
06/11/2018,145.869995,149.960007,145.324997,147.440002,147.440002,17849800
07/11/2018,150.770004,152.800003,148.940002,152.5,152.5,17884400
08/11/2018,150.990005,151.880005,146.690002,148.990005,148.990005,17067100
09/11/2018,145.570007,145.720001,142.479996,144.850006,144.850006,16220000
12/11/2018,145.009995,146.406006,139.970001,142.820007,142.820007,16516500
13/11/2018,144.830002,149.940002,143.910004,146.979996,146.979996,19575100
14/11/2018,150.210007,152.149994,148.440002,150.440002,150.440002,21786000
15/11/2018,152.899994,157.399994,150.889999,156.220001,156.220001,30083500
16/11/2018,155.039993,155.800003,152.141998,154.100006,154.100006,20039400
19/11/2018,152.020004,153.210007,148.770004,149.529999,149.529999,18087800
20/11/2018,144.479996,148.070007,142.820007,145.979996,145.979996,19473200
21/11/2018,149.059998,151.479996,148.649994,149.410004,149.410004,14718600
23/11/2018,147.300003,151.169998,147,150.330002,150.330002,7437500
26/11/2018,153.210007,156.529999,152.369995,156.009995,156.009995,16152700
27/11/2018,154.639999,157.940002,153.580002,156.460007,156.460007,17911800
28/11/2018,159.009995,159.800003,155.259995,159.339996,159.339996,20767100
29/11/2018,158.080002,159,153.539993,156.279999,156.279999,20532200
30/11/2018,157.899994,160.860001,156.720001,160.860001,160.860001,35071200
03/12/2018,168.639999,168.800003,163.509995,163.740005,163.740005,31174000
04/12/2018,164.880005,164.979996,156.460007,158.339996,158.339996,22198600
06/12/2018,153,155.869995,150.509995,155.830002,155.830002,25335500
07/12/2018,155.399994,158.050003,151.729996,153.059998,153.059998,17447900
10/12/2018,150.389999,152.809998,147.479996,151.429993,151.429993,15525500
11/12/2018,155.259995,156.240005,150.899994,151.830002,151.830002,13651900
12/12/2018,155.240005,156.169998,151.429993,151.5,151.5,16619200
13/12/2018,153.050003,153.460007,150.520004,151.479996,151.479996,12255800
14/12/2018,147.710007,150.699997,145.720001,149,149,15560700
17/12/2018,146.5,147.940002,142.240005,143.979996,143.979996,15788100
18/12/2018,144.279999,144.75,140.110001,140.820007,140.820007,17846600
19/12/2018,141.039993,141.324997,135.729996,137.139999,137.139999,27657800
20/12/2018,135.830002,137.755005,132.910004,135.110001,135.110001,24103800
21/12/2018,137.080002,137.190002,130.229996,132,132,28790600
24/12/2018,130,134.570007,129.770004,131.889999,131.889999,11240700
26/12/2018,132.869995,138.020004,130.179993,138,138,14862400
27/12/2018,135.050003,138.449997,133.889999,138.449997,138.449997,11457400
28/12/2018,139.199997,140.979996,136.789993,139.089996,139.089996,11955300
31/12/2018,141.830002,142.020004,136.039993,137.070007,137.070007,11186400
02/01/2019,134.130005,137.748993,133.029999,136.699997,136.699997,16708400
03/01/2019,134.270004,134.869995,129.830002,130.600006,130.600006,19531300
04/01/2019,134.259995,141.080002,133.660004,139.75,139.75,22845400
07/01/2019,140.550003,144.080002,139.009995,143.100006,143.100006,17239000
08/01/2019,145,147.550003,142.059998,146.789993,146.789993,16487600
09/01/2019,149.889999,153.350006,148.5,151.919998,151.919998,20214100
10/01/2019,149.809998,152.029999,148.880005,151.690002,151.690002,14221100
11/01/2019,151.830002,153.380005,150.139999,151.320007,151.320007,9589400
14/01/2019,148.5,150.570007,146.539993,149.270004,149.270004,13356700
15/01/2019,150.679993,154.169998,149.964005,150.880005,150.880005,15003100
16/01/2019,152.809998,155.389999,151.5,154.839996,154.839996,14810800
17/01/2019,152.110001,158.550003,151.899994,155.970001,155.970001,16153200
18/01/2019,158.449997,159.490005,154.729996,157.020004,157.020004,19611400
22/01/2019,154.399994,155.440002,150.207001,152.149994,152.149994,21295000
23/01/2019,154.649994,155.179993,150.949997,152.029999,152.029999,10195800
24/01/2019,151.470001,156,151.210007,155.860001,155.860001,10997900
25/01/2019,158.910004,160.5,157.429993,159.210007,159.210007,16451800
28/01/2019,157.800003,159.690002,155.300003,158.919998,158.919998,10141100
29/01/2019,159.039993,160.375,155.919998,156.880005,156.880005,18348200
30/01/2019,161.289993,167.839996,160.5,166.820007,166.820007,36997700
31/01/2019,167.800003,169.729996,165.699997,168.490005,168.490005,21219500
01/02/2019,168,169.399994,167.630005,167.970001,167.970001,10771500
04/02/2019,166.320007,167.550003,165.610001,166.699997,166.699997,7380400
05/02/2019,168.550003,171.949997,168,171.830002,171.830002,12801800
06/02/2019,171.860001,173.089996,169.990005,171.520004,171.520004,11267800
07/02/2019,169.160004,169.610001,164.335999,166.960007,166.960007,11911100
08/02/2019,163.830002,167.649994,163.75,167.360001,167.360001,8331500
11/02/2019,168.850006,170.330002,167.449997,167.449997,167.449997,7260300
12/02/2019,169.600006,170.490005,168.610001,168.710007,168.710007,8594400
13/02/2019,169.910004,171.050003,168.990005,169.399994,169.399994,8661800
14/02/2019,167.639999,168.5,166.610001,168.380005,168.380005,8722100
15/02/2019,168.610001,168.770004,165.410004,166.149994,166.149994,12099500
19/02/2019,166.979996,171.149994,166.5,170.179993,170.179993,12982300
20/02/2019,171,172.679993,170.610001,170.710007,170.710007,12454900
21/02/2019,171,171.779999,169.800003,171.660004,171.660004,8434800
22/02/2019,172.800003,177.020004,172.520004,176.919998,176.919998,16175600
25/02/2019,181.259995,183.720001,180.729996,183.25,183.25,22831800
26/02/2019,179.789993,184.350006,179.369995,183.539993,183.539993,13871000
27/02/2019,181.720001,184.929993,180.880005,184.580002,184.580002,16741600
28/02/2019,183.009995,184.300003,181.470001,183.029999,183.029999,12370400
01/03/2019,185.089996,186.899994,183.380005,183.880005,183.880005,14348500
04/03/2019,186,187.339996,184.460007,187.25,187.25,14761700
05/03/2019,186.940002,188.080002,185,185,185,11513200
06/03/2019,184.380005,185.589996,183.020004,184.169998,184.169998,10009100
07/03/2019,180.910004,181.800003,176.729996,177.320007,177.320007,16488900
08/03/2019,171.565002,175.350006,171.565002,175.029999,175.029999,14674200
11/03/2019,177.830002,181.720001,177.580002,180.410004,180.410004,13764000
12/03/2019,182.039993,182.179993,179.509995,180.630005,180.630005,8660000
13/03/2019,180.729996,182.535004,179.259995,180.699997,180.699997,8868200
14/03/2019,179.059998,180.820007,178.009995,180.360001,180.360001,9272000
15/03/2019,180.660004,181.449997,179.660004,180.970001,180.970001,10844100
18/03/2019,181.929993,182.889999,180.759995,181.830002,181.830002,7847800
19/03/2019,181.630005,183.360001,180.850006,182.139999,182.139999,10238600
20/03/2019,180.940002,181.949997,178.429993,181.279999,181.279999,15901500
21/03/2019,178.949997,181.729996,178.520004,181.5,181.5,9754500
22/03/2019,179.770004,180.479996,175.335999,176.259995,176.259995,11688400
25/03/2019,174.330002,178.899994,174.100006,178.770004,178.770004,7511400
26/03/2019,179.699997,180.649994,177.095001,178.080002,178.080002,7897900
27/03/2019,177.699997,179.830002,176.912994,177.029999,177.029999,8371000
28/03/2019,177.470001,178.529999,175.970001,177.729996,177.729996,7233000
29/03/2019,180.729996,182.600006,179,182.449997,182.449997,13850900
01/04/2019,185.089996,185.559998,180.889999,180.889999,180.889999,12714800
02/04/2019,181.460007,183.563004,180.949997,181.740005,181.740005,8021500
03/04/2019,179.509995,180.699997,176.759995,178.320007,178.320007,26819000
04/04/2019,177.039993,181.960007,176.889999,181.070007,181.070007,16993200
05/04/2019,182.509995,185.5,182,185.350006,185.350006,18705000
08/04/2019,184.190002,187.820007,184.009995,186.5,186.5,14725600
09/04/2019,186.490005,187.889999,186.160004,187.190002,187.190002,11578200
10/04/2019,186.690002,187.399994,184,186.190002,186.190002,10655000
11/04/2019,185.149994,186.059998,183.75,184.979996,184.979996,8900300
12/04/2019,187.710007,189.789993,187.139999,188.910004,188.910004,12600000
15/04/2019,188.059998,188.169998,182.559998,183.070007,183.070007,14616600
16/04/2019,185.550003,185.789993,183.399994,185.779999,185.779999,12195900
17/04/2019,187.339996,188.199997,185.779999,187.550003,187.550003,11614200
18/04/2019,186.410004,187.279999,185.389999,186.940002,186.940002,7882500
22/04/2019,184.5,186.470001,183.610001,185.380005,185.380005,8677800
23/04/2019,186,188.149994,185.440002,187.289993,187.289993,11410600
24/04/2019,186.759995,186.899994,184.580002,185.669998,185.669998,9085300
25/04/2019,185.240005,188.130005,183.955002,187.880005,187.880005,10328900
26/04/2019,187.880005,188.740005,185.509995,187.089996,187.089996,9421100
29/04/2019,187.419998,188,185.759995,186.940002,186.940002,8660600
30/04/2019,186.300003,188.25,183.820007,185.570007,185.570007,15076500
01/05/2019,186.75,193.195007,185.880005,189.309998,189.309998,17397500
02/05/2019,189.419998,192.699997,186.649994,190.389999,190.389999,11468100
03/05/2019,191.880005,195.720001,191.880005,195.210007,195.210007,14521100
06/05/2019,185.169998,189,184.830002,188.240005,188.240005,23941200
07/05/2019,186.050003,186.449997,179.630005,181.429993,181.429993,22663200
08/05/2019,180.949997,183.199997,178.580002,179.589996,179.589996,16611100
09/05/2019,175.429993,180.695007,173.070007,179.039993,179.039993,22727800
10/05/2019,180.179993,180.789993,174.100006,178,178,18987000
13/05/2019,169.789993,172.470001,168.779999,170.009995,170.009995,22330700
14/05/2019,172.75,175.149994,171.479996,174.839996,174.839996,17874100
15/05/2019,177.059998,180.240005,173.320999,177.600006,177.600006,37610400
16/05/2019,178.179993,178.25,174.75,175.570007,175.570007,20579200
17/05/2019,171.690002,172.289993,168.490005,169.570007,169.570007,22539400
20/05/2019,164.440002,164.570007,160.020004,160.649994,160.649994,33413800
21/05/2019,163.160004,165.589996,162.520004,163.429993,163.429993,22006100
22/05/2019,162.410004,162.820007,158.070007,158.830002,158.830002,25831200
23/05/2019,155.449997,158.479996,154.410004,156,156,26891900
24/05/2019,157.615005,158.429993,154.899994,155,155,21489700
28/05/2019,156.399994,157.070007,153.220001,154.809998,154.809998,38603000
29/05/2019,153.580002,154.384995,150.710007,152.479996,152.479996,30073100
30/05/2019,152.360001,153.369995,150.25,151.070007,151.070007,17344700
31/05/2019,149.630005,150.679993,147.949997,149.259995,149.259995,26881200
03/06/2019,149.600006,151.770004,148.845001,149.910004,149.910004,25254400
04/06/2019,151.559998,155.199997,150.639999,154.149994,154.149994,27417200
05/06/2019,155.169998,156.110001,149.309998,151.649994,151.649994,23208600
06/06/2019,152,152.699997,150.570007,151.5,151.5,15763000
07/06/2019,152.949997,155.690002,152.214005,154.229996,154.229996,17817800
10/06/2019,158.779999,161.979996,157.399994,159.850006,159.850006,36473300
11/06/2019,164.199997,165.679993,161.925003,162.649994,162.649994,23408400
12/06/2019,160.470001,161.699997,158.809998,160.039993,160.039993,16312300
13/06/2019,160.550003,161.320007,159.800003,160.330002,160.330002,17571400
14/06/2019,158.369995,158.710007,157.229996,158.100006,158.100006,14981600
17/06/2019,157.529999,160.550003,157.419998,159.910004,159.910004,16079800
18/06/2019,162.889999,169.110001,161.949997,165.509995,165.509995,35754800
19/06/2019,167.770004,167.899994,163.419998,165.460007,165.460007,20798100
20/06/2019,170.190002,170.479996,166.274994,168.25,168.25,24004700
21/06/2019,167.479996,169.470993,166.770004,167.550003,167.550003,17415800
24/06/2019,168.399994,168.880005,165.779999,168.100006,168.100006,18422600
25/06/2019,167.039993,167.339996,164.619995,165.800003,165.800003,20439200
26/06/2019,168.279999,171.240005,168.149994,168.990005,168.990005,22416400
27/06/2019,170.619995,171.979996,169.380005,170.899994,170.899994,18349400
28/06/2019,170.199997,170.889999,167.960007,169.449997,169.449997,19974300
01/07/2019,175.865005,177.949997,174.360001,175.050003,175.050003,25911000
02/07/2019,175.130005,175.550003,174.25,175.449997,175.449997,14155200
03/07/2019,175.690002,175.850006,173.850006,174.669998,174.669998,8532600
05/07/2019,173.75,173.820007,172.820007,173.300003,173.300003,12618600
08/07/2019,170.089996,170.279999,168.350006,168.449997,168.449997,16531000
09/07/2019,167.085007,168.979996,166.5,168.800003,168.800003,15782800
10/07/2019,171.240005,171.369995,166.860001,166.929993,166.929993,16675600
11/07/2019,167.559998,168.423996,165,166.550003,166.550003,14796400
12/07/2019,168,170.199997,167.649994,169.070007,169.070007,18103600
15/07/2019,171.5,173.75,170.419998,173.5,173.5,22199000
16/07/2019,174.199997,175.520004,173.460007,174.190002,174.190002,19039700
17/07/2019,172.75,176.220001,172.490005,174.820007,174.820007,15031600
18/07/2019,173.410004,174.399994,172.059998,172.800003,172.800003,15613200
19/07/2019,174.869995,175.149994,172.990005,172.990005,172.990005,13647200
22/07/2019,173.5,174.279999,171.436996,174,174,18490900
23/07/2019,175.389999,178.639999,174.845001,178.089996,178.089996,20881500
24/07/2019,178,178.960007,176.938004,178.669998,178.669998,14933100
25/07/2019,178.490005,179.149994,175.369003,177.289993,177.289993,14049000
26/07/2019,178.25,179.399994,176.880005,178.740005,178.740005,15281000
29/07/2019,178.429993,179.880005,175.350006,177.020004,177.020004,15130300
30/07/2019,174.25,175.710007,172.889999,174.100006,174.100006,14300600
31/07/2019,173.710007,174.889999,170.089996,173.110001,173.110001,14628900
01/08/2019,174.539993,175.714996,162.100006,165.649994,165.649994,32728200
02/08/2019,162.559998,163.850006,160.350006,161,161,27104700
05/08/2019,155.029999,157.229996,151.850006,153.669998,153.669998,28912600
06/08/2019,158.479996,158.729996,156.110001,157.429993,157.429993,24996300
07/08/2019,155.729996,159.479996,155.300003,159.169998,159.169998,17917400
08/08/2019,161.710007,162.300003,159.119995,162.220001,162.220001,19267700
09/08/2019,160.979996,161.990005,159.110001,159.119995,159.119995,11894300
12/08/2019,157.5,159.380005,155.539993,159.309998,159.309998,14424400
13/08/2019,160.639999,167.360001,159.570007,164.029999,164.029999,22842900
14/08/2019,161.339996,163,159.210007,162.059998,162.059998,20803700
15/08/2019,170.110001,171,164.360001,166.970001,166.970001,34899100
16/08/2019,170,177.550003,164.360001,174.600006,174.600006,25365500
19/08/2019,177.429993,178.800003,175.589996,178.279999,178.279999,16000400
20/08/2019,175.910004,177.990005,175.619995,177.210007,177.210007,10338100
21/08/2019,177.220001,178.5,174.889999,175.240005,175.240005,10615700
22/08/2019,174.100006,174.979996,170.5,171.910004,171.910004,11568900
23/08/2019,169.690002,171.490005,163.830994,164.539993,164.539993,20871500
26/08/2019,166.490005,167.449997,165.529999,165.899994,165.899994,8640500
27/08/2019,167.199997,168.190002,165.190002,166.199997,166.199997,12777600
28/08/2019,164.639999,168,164.199997,167.479996,167.479996,9507400
29/08/2019,171,173.960007,170.949997,172.809998,172.809998,11565400
30/08/2019,174.350006,175.25,172.660004,175.029999,175.029999,10293400
03/09/2019,173,174.720001,172.149994,172.410004,172.410004,8499300
04/09/2019,176.259995,176.550003,173.990005,174.330002,174.330002,7208900
05/09/2019,176.880005,178.949997,176.520004,178.940002,178.940002,11154300
06/09/2019,179.009995,179.220001,176.210007,176.690002,176.690002,8304000
09/09/2019,177.880005,177.990005,175.860001,177.779999,177.779999,6931700
10/09/2019,176.279999,176.300003,172.220001,174.990005,174.990005,9835000
11/09/2019,176,176.660004,174.149994,176.089996,176.089996,7039300
12/09/2019,177.889999,180.5,177,178.240005,178.240005,12509400
13/09/2019,179.740005,180.179993,178.610001,179.169998,179.169998,9479700
16/09/2019,177.75,179.169998,175.369995,177.070007,177.070007,10725100
17/09/2019,176.850006,179.119995,176.050003,179,179,7481000
18/09/2019,179.149994,180.169998,177.580002,180,180,9233300
19/09/2019,180.899994,184.130005,180.429993,180.460007,180.460007,15119800
20/09/2019,182.309998,183.820007,178.839996,182.509995,182.509995,24517800
23/09/2019,181.25,181.330002,176.800003,176.979996,176.979996,14047400
24/09/2019,179.169998,179.490005,171.300003,171.550003,171.550003,14324600
25/09/2019,172.300003,176.990005,171.720001,176.660004,176.660004,11766400
26/09/2019,177,178.229996,174.830002,175,175,9982400
27/09/2019,176,176.5,163.149994,165.979996,165.979996,33287500
30/09/2019,169.886993,170.199997,166.449997,167.229996,167.229996,14866800
01/10/2019,168.009995,168.229996,163.639999,165.149994,165.149994,14155500
02/10/2019,162.820007,166.880005,161.899994,165.770004,165.770004,11526500
03/10/2019,166.649994,170.179993,165,169.479996,169.479996,10305000
04/10/2019,169.600006,170.699997,167.559998,170.339996,170.339996,8715200
07/10/2019,168.830002,172.300003,167.210007,168.320007,168.320007,11993000
08/10/2019,164.300003,165.220001,161.679993,161.929993,161.929993,15833100
09/10/2019,165.5,166.580002,163.419998,165.190002,165.190002,10943100
10/10/2019,165.960007,168.570007,164.089996,166.070007,166.070007,11462400
11/10/2019,170.770004,174.880005,169.570007,172.940002,172.940002,19247400
14/10/2019,172.839996,173.339996,170.789993,171.160004,171.160004,7667600
15/10/2019,172.910004,176.75,172.690002,175.289993,175.289993,13753000
16/10/2019,175.800003,177.350006,174.119995,177.119995,177.119995,10858700
17/10/2019,178,178.589996,175.229996,176.850006,176.850006,8020600
18/10/2019,176,176.229996,169,169.130005,169.130005,14575700
21/10/2019,172.639999,173.910004,170.869995,173.520004,173.520004,8970800
22/10/2019,174.529999,175.360001,169.259995,169.889999,169.889999,10867100
23/10/2019,170.449997,171.039993,168.119995,169.919998,169.919998,8853700
24/10/2019,171.279999,172.75,170.210007,172.550003,172.550003,7397700
25/10/2019,171.559998,175.809998,170.880005,174.309998,174.309998,9891800
28/10/2019,176.5,179.639999,176.410004,178.679993,178.679993,11739600
29/10/2019,177.059998,177.740005,175.440002,176.889999,176.889999,8026400
30/10/2019,175.419998,177.880005,173.936005,177.529999,177.529999,10213200
31/10/2019,179.160004,179.240005,175.5,176.669998,176.669998,15119000
01/11/2019,179.009995,182.119995,176.059998,176.460007,176.460007,28924100
04/11/2019,180.660004,182.399994,178.020004,179.690002,179.690002,44541200
05/11/2019,181.419998,183.199997,180.309998,182,182,23690200
06/11/2019,183.610001,185,182.199997,184.160004,184.160004,14834900
07/11/2019,187.070007,188.070007,184.690002,186.660004,186.660004,20162600
08/11/2019,187.901993,188.279999,185.149994,187.160004,187.160004,19718100
11/11/2019,184.820007,187.199997,181.369995,186.710007,186.710007,20561500
12/11/2019,185.910004,187.649994,185.139999,186.970001,186.970001,11797600
13/11/2019,185.470001,185.673996,181,182.479996,182.479996,14977700
14/11/2019,182.869995,184.5,181.320999,182.800003,182.800003,12712800
15/11/2019,184,185.600006,183.710007,185.490005,185.490005,11296400
18/11/2019,186.979996,186.979996,184.160004,184.610001,184.610001,11822900
19/11/2019,186.309998,186.710007,183.869995,185.25,185.25,13407200
20/11/2019,183.669998,183.699997,181.059998,182.350006,182.350006,16684600
21/11/2019,181.770004,184.889999,181.600006,184.860001,184.860001,10254700
22/11/2019,185.800003,186.779999,183.934998,186.779999,186.779999,10541000
25/11/2019,188.320007,190.720001,187.880005,190.449997,190.449997,19157700
26/11/2019,190.389999,195,189.039993,194.699997,194.699997,51832300
27/11/2019,197.240005,200.979996,197,200.820007,200.820007,33040500
29/11/2019,199.809998,200.429993,198.350006,200,200,18593100
02/12/2019,198.580002,198.669998,193.509995,196.309998,196.309998,19357700
03/12/2019,190.970001,195,189.850006,194.899994,194.899994,18355300
04/12/2019,195.529999,196.660004,193.229996,193.740005,193.740005,14849300
05/12/2019,196.929993,200.940002,196.429993,200,200,22290200
06/12/2019,201.110001,202,199.509995,201.889999,201.889999,14087300
09/12/2019,200.320007,203.429993,198.550003,198.740005,198.740005,14258100
10/12/2019,200.710007,202.479996,199.229996,200.449997,200.449997,11623900
11/12/2019,201.100006,204.800003,200.720001,204.639999,204.639999,11760000
12/12/2019,203.710007,206,202,204.5,204.5,22448600
13/12/2019,205.759995,207.100006,203.770004,204.910004,204.910004,19270400
16/12/2019,206.330002,209.149994,206.190002,206.970001,206.970001,16734300
17/12/2019,208.690002,208.869995,206.820007,208.179993,208.179993,11287600
18/12/2019,208.529999,210.050003,208.039993,210,210,13481800
19/12/2019,209.610001,211.369995,209.229996,210.130005,210.130005,12167300
20/12/2019,211.350006,213.979996,210.419998,212.25,212.25,26670000
23/12/2019,213.25,215.050003,212.910004,214.830002,214.830002,12535000
24/12/2019,215.009995,215.429993,213.350006,214.259995,214.259995,5523000
26/12/2019,214.649994,216.990005,214.330002,216.380005,216.380005,6907100
27/12/2019,217.990005,218.110001,215.169998,215.470001,215.470001,11674200
30/12/2019,215.779999,215.779999,211.759995,212.910004,212.910004,8732600
31/12/2019,212,213.639999,210.729996,212.100006,212.100006,6773600
02/01/2020,216.600006,219.979996,216.539993,219.770004,219.770004,15873500
03/01/2020,216.350006,218.203003,216.009995,217,217,8604500
06/01/2020,214.889999,217.160004,214.089996,216.639999,216.639999,11885500
07/01/2020,217.639999,218.940002,216.690002,217.630005,217.630005,9388000
08/01/2020,216.600006,220.649994,216.320007,218,218,11959100
09/01/2020,221.5,223.080002,220.820007,221.779999,221.779999,13122500
10/01/2020,223.899994,225.960007,222.061005,223.830002,223.830002,12296000
13/01/2020,228.809998,231.139999,227.039993,230.479996,230.479996,17544800
14/01/2020,230.050003,230.175003,224.880005,226.490005,226.490005,17266900
15/01/2020,226.649994,227.820007,224.389999,225.059998,225.059998,10743400
16/01/2020,226.300003,226.330002,222.729996,223.940002,223.940002,13700500
17/01/2020,225.899994,228,225.350006,227.429993,227.429993,12956200
21/01/2020,222.449997,222.600006,220.729996,222.259995,222.259995,15831100
22/01/2020,224.690002,225.580002,222,222.369995,222.369995,10059600
23/01/2020,217.929993,220.130005,216.770004,219.130005,219.130005,18519900
24/01/2020,218.490005,219.830002,211.324997,213.75,213.75,18143900
27/01/2020,201.220001,208.020004,199.5,205.470001,205.470001,24574700
28/01/2020,209.740005,210.910004,207.169998,210.229996,210.229996,16196700
29/01/2020,212.559998,213.979996,209.520004,212.020004,212.020004,12871900
30/01/2020,207.880005,209.860001,205.029999,208.580002,208.580002,14376000
31/01/2020,206.5,207.929993,204.727997,206.589996,206.589996,18181400
03/02/2020,208.669998,215.020004,208.669998,213.100006,213.100006,14131900
04/02/2020,221.350006,224.380005,220.490005,222.880005,222.880005,16695100
05/02/2020,226.520004,226.699997,217.539993,220.220001,220.220001,15766100
06/02/2020,223.130005,223.649994,219.779999,220.899994,220.899994,10790800
07/02/2020,217.460007,217.839996,214.880005,216.529999,216.529999,13790300
10/02/2020,213.5,215.770004,212.199997,215.770004,215.770004,17420300
11/02/2020,219.910004,220.009995,215.289993,217.210007,217.210007,16073500
12/02/2020,221.130005,225.520004,220.210007,224.309998,224.309998,18671900
13/02/2020,220,225,218.990005,220.360001,220.360001,28069700
14/02/2020,221.100006,221.639999,218.229996,219.630005,219.630005,10690000
18/02/2020,218.550003,220.850006,217.509995,220.520004,220.520004,12987000
19/02/2020,221.520004,223.559998,220.75,222.139999,222.139999,10798100
20/02/2020,222.5,222.5,214.220001,218.039993,218.039993,14923400
